la_code,la_name,RGN15CD,RGN15NM,emp_rate,di_prop,do_prop,di_rank,do_rank,top_1_rank,measure_a,gi_prop,go_prop,aand_prop,grow_business_prop,degree_prop,gi_rank,go_rank,aand_rank,grow_business_rank,degree_rank,measure_b,pub_2014,priv_2014,skill_high,est_pop,est_pop_prop,under_16,under_16_prop,persons_16_64,persons_16_64_prop,persons_65,persons_65_prop,births,deaths,births_minus_deaths,internal_migration_inflow,internal_migration_outflow,internal_migration_net,international_migration_inflow,international_migration_outflow,international_migration_net,male_life_expectancy_at_birth,female_life_expectancy_at_birth,male_life_expectancy_at_age_65,female_life_expectancy_at_age_65
E06000001,Hartlepool,E12000001,North East,64.2,16.1,33.1,48,40,39,11.2,58.6,22.3,4.3,40,14.8,299,350,116,271,344,72.8,24.1,75.9,20.3,92493,0.15,17586,19,57604,62.3,17303,18.7,1021,1102,-81,2137,2281,-144,248,135,113,77.7,81.7,17.6,20.3
E06000002,Middlesbrough,E12000001,North East,63.5,9.6,28.3,242,161,62,40.9,63.8,26.7,6.5,34.1,18.9,206,231,39,371,284,59.7,32.5,67.5,19.5,139509,0.22,28635,20.5,88789,63.6,22085,15.8,1953,1488,465,6184,7071,-887,1250,450,800,76.2,79.8,17,18.9
E06000003,Redcar and Cleveland,E12000001,North East,67.7,16,34.4,49,25,101,15.4,56.9,30.9,5.1,35.3,18.5,329,107,74,363,290,61.4,16.8,83.2,21.4,135275,0.21,24201,17.9,81853,60.5,29221,21.6,1469,1549,-80,4214,4019,195,202,109,93,78.6,82.1,18.3,20.7
E06000004,Stockton-on-Tees,E12000001,North East,73.6,12.9,30.1,140,110,146,34.8,62.3,28.9,5.4,40.9,21.6,231,156,63,230,240,48.5,16.8,83.2,28.2,194803,0.31,38132,19.6,122849,63.1,33822,17.4,2361,1874,487,6442,6659,-217,994,557,437,78.4,82.3,18.3,20.6
E06000005,Darlington,E12000001,North East,72.5,12.3,30,160,111,231,44.2,68.2,25.5,3,48.3,20.5,107,283,252,15,253,48,23.5,76.5,23.8,105389,0.17,20060,19,64814,61.5,20515,19.5,1234,1135,99,3743,3779,-36,347,407,-60,78.2,82.2,18.2,20.5
E06000006,Halton,E12000002,North West,75.3,14.4,32.4,88,52,143,24.9,61.1,22.5,5.5,38.5,14.3,258,345,61,315,352,70.2,13.9,86.1,16.5,126528,0.2,25195,19.9,79794,63.1,21539,17,1542,1240,302,3470,3646,-176,249,217,32,77.3,80.5,17.2,18.9
E06000007,Warrington,E12000002,North West,78,9.4,23.2,247,302,274,72.4,70.1,31.4,4.7,44,31.3,71,97,90,109,87,24,14.7,85.3,30.5,207695,0.33,39523,19,131296,63.2,36876,17.8,2350,2000,350,7127,6650,477,1175,722,453,78.6,81.7,17.8,20
E06000008,Blackburn with Darwen,E12000002,North West,64.8,17.9,30.2,27,106,77,18.5,61.4,26.1,4.4,42.2,17.5,252,256,107,174,307,57.8,26.6,73.4,21,146846,0.23,34141,23.2,91844,62.5,20861,14.2,2159,1277,882,4754,5631,-877,778,673,105,76.7,81.1,17.3,19.6
E06000009,Blackpool,E12000002,North West,72.1,13.6,33.9,109,32,91,20.4,63.8,28.7,2.9,37.4,14.1,206,164,264,344,354,70.3,30.8,69.2,17.8,139578,0.22,25364,18.2,85767,61.4,28447,20.4,1778,1954,-176,7480,8241,-761,565,561,4,74.7,79.9,16.8,19.4
E06000010,"Kingston upon Hull, City of",E12000003,Yorkshire and The Humber,66.9,15.2,33.9,66,32,173,23.8,58.2,24.2,3.8,39.8,15.4,304,314,164,282,339,74,19.4,80.6,18.9,258995,0.41,49970,19.3,170881,66,38144,14.7,3501,2628,873,8715,9815,-1100,2718,1467,1251,76.6,80.5,16.8,19.2
E06000011,East Riding of Yorkshire,E12000003,Yorkshire and The Humber,76.3,18.2,27.3,24,192,50,23.4,57.1,26.2,2.6,42.1,21.2,324,251,285,177,246,67.7,22.2,77.8,24.3,336685,0.53,54917,16.3,199172,59.2,82596,24.5,2969,3909,-940,13993,13799,194,975,580,395,80.3,83.2,19,20.9
E06000012,North East Lincolnshire,E12000003,Yorkshire and The Humber,71,12.1,34.7,163,21,300,42.6,56.7,23.9,1.2,40,13.4,332,321,364,271,363,87.1,17.7,82.3,17.3,159570,0.25,30441,19.1,97980,61.4,31149,19.5,1961,1663,298,3840,4542,-702,485,339,146,77.9,82.1,17.8,20.4
E06000013,North Lincolnshire,E12000003,Yorkshire and The Humber,71.7,21.1,34.8,10,18,138,14.6,49.4,23.9,4.1,42.9,17.2,377,321,130,141,310,67.5,17.1,82.9,20.9,169820,0.27,31474,18.5,104274,61.4,34072,20.1,1801,1834,-33,5012,5018,-6,838,273,565,78.3,82.8,18,20.9
E06000014,York,E12000003,Yorkshire and The Humber,76.4,7.6,24,300,282,270,74.9,68.5,29.5,3.2,46.1,32.9,99,144,227,40,76,30.9,18.3,81.7,31,206856,0.33,32500,15.7,137319,66.4,37037,17.9,1993,1846,147,13195,12558,637,2889,1246,1643,80.1,83.5,18.8,21.5
E06000015,Derby,E12000004,East Midlands,73.2,10.9,28.2,196,164,113,41.6,68.7,28.9,4.6,42.8,24.2,95,156,99,146,187,36,20.2,79.8,27.1,254251,0.4,52845,20.8,160600,63.2,40806,16,3447,2247,1200,10942,11577,-635,2369,1140,1229,78.3,82.7,18.1,21.2
E06000016,Leicester,E12000004,East Midlands,62.5,16,29.5,49,124,96,23.7,61.4,25.7,5.9,44.5,22.2,252,273,52,88,227,47.1,22,78,22.2,342627,0.54,73697,21.5,228876,66.8,40054,11.7,5187,2561,2626,16832,19098,-2266,7611,2939,4672,77.3,81.8,17.1,20.3
E06000017,Rutland,E12000004,East Midlands,76.7,19.5,23.9,19,285,339,56.6,53.2,29.6,2.5,38.7,29.2,367,143,295,309,110,64.6,13.5,86.5,31.6,38046,0.06,6499,17.1,22446,59,9101,23.9,349,391,-42,2640,2278,362,148,123,25,81.4,85.9,20.4,23.3
E06000018,Nottingham,E12000004,East Midlands,64.3,10,24.7,228,267,61,48.9,71.6,30.7,4,41.5,26.2,53,113,137,202,150,34.6,18.4,81.6,23.8,318901,0.5,59198,18.6,222500,69.8,37203,11.7,4222,2461,1761,25977,26874,-897,7449,3622,3827,77.1,81.6,17.1,20.5
E06000019,"Herefordshire, County of",E12000005,West Midlands,77.9,12.5,28,154,169,263,51.5,60.6,26.3,1.4,39.2,23.3,268,246,359,299,204,72.6,14.5,85.4,23.5,188099,0.3,31725,16.9,112448,59.8,43926,23.4,1747,2125,-378,6631,6615,16,1996,760,1236,80.7,84.2,19.5,21.9
E06000020,Telford and Wrekin,E12000005,West Midlands,73.3,17.3,32.3,32,55,136,19.6,62.6,22.5,3.5,42.1,16.6,226,345,197,177,322,66.9,18.2,81.8,21.2,171159,0.27,34908,20.4,108226,63.2,28025,16.4,2040,1457,583,6932,6100,832,810,529,281,78.7,81.8,18.2,20.3
E06000021,Stoke-on-Trent,E12000005,West Midlands,68.2,15.7,29.5,56,124,186,32.2,60.2,24.8,3,42.8,16.9,272,297,252,146,318,67.8,22.6,77.4,18.9,251648,0.4,50446,20,158868,63.1,42334,16.8,3442,2552,890,8959,10183,-1224,1764,798,966,76.6,80.9,16.9,19.8
E06000022,Bath and North East Somerset,E12000009,South West,76.4,6.2,22.3,333,315,239,78,70.6,33.7,3.5,43.6,39.3,64,62,197,118,37,25.2,17.1,82.9,31.8,184874,0.29,30628,16.6,119242,64.5,35004,18.9,1715,1680,35,13545,12086,1459,2610,1283,1327,81.3,84.7,19.8,22
E06000023,"Bristol, City of",E12000009,South West,76.2,7.2,23.7,310,292,298,79.2,72.7,36.9,5.4,47,39.7,38,31,63,25,34,10.1,18.2,81.8,32.9,449328,0.71,83751,18.6,306269,68.2,59308,13.2,6376,3353,3023,29347,28045,1302,7016,4527,2489,78.4,82.9,18.1,20.9
E06000024,North Somerset,E12000009,South West,78.7,10.7,24.2,200,277,257,64.6,65.5,28.4,3.7,46.9,27.7,168,173,175,27,130,35.5,13.9,86.1,29.5,209944,0.33,37932,18.1,123214,58.7,48798,23.2,2190,2396,-206,9387,7740,1647,788,451,337,80.3,83.8,19.3,21.9
E06000025,South Gloucestershire,E12000009,South West,79.8,9.4,26.7,247,209,275,64.3,66.7,33.2,3.7,45.2,25.5,137,68,175,56,158,31.3,11.9,88.1,30.3,274661,0.43,51018,18.6,173162,63,50481,18.4,3105,2212,893,14301,13266,1035,1750,619,1131,81.5,84.8,19.9,22.2
E06000026,Plymouth,E12000009,South West,73.7,9.8,30.6,232,95,222,48.3,65.7,27.7,2.9,40.6,20.7,157,204,264,243,250,59,19.9,80.1,19.6,262712,0.42,46323,17.6,170006,64.7,46383,17.7,3108,2394,714,12951,13808,-857,2129,897,1232,78.5,82.5,18.5,20.6
E06000027,Torbay,E12000009,South West,75.1,6.1,30.7,337,94,85,45.4,73.9,29.4,2.3,33.4,15.5,28,145,316,373,338,63.3,25.6,74.4,19,133373,0.21,22236,16.7,76832,57.6,34305,25.7,1444,1822,-378,6510,5881,629,491,387,104,79,83,18.7,21.2
E06000028,Bournemouth,E12000009,South West,71.5,4.1,28.2,367,164,296,72.7,77.7,29.2,3.7,41.3,26.3,13,150,175,212,148,36.8,15.3,84.7,27.6,194516,0.31,31248,16.1,128401,66,34867,17.9,2249,2058,191,15362,15021,341,3819,1214,2605,78.9,83.1,18.8,21
E06000029,Poole,E12000009,South West,77.1,12.7,28.9,146,142,309,52.5,67.2,28,3.1,42.8,26.6,123,193,235,146,142,44.3,15.3,84.7,30.1,150577,0.24,26454,17.6,90987,60.4,33136,22,1583,1786,-203,9133,8989,144,846,365,481,80.6,84.1,19.4,21.7
E06000030,Swindon,E12000009,South West,77.4,7.5,29.9,301,117,306,63.7,71.6,24.9,5.9,39.2,20.3,53,294,52,299,259,50.5,15.6,84.4,22.6,217160,0.34,43868,20.2,140226,64.6,33066,15.2,2841,1665,1176,7333,7841,-508,1801,1126,675,79.5,83,18.5,21.1
E06000031,Peterborough,E12000006,East of England,74.8,10,27.7,228,177,320,63.8,73.3,24.4,6.2,44.6,17.1,31,309,46,84,312,41.3,13.8,86.2,21.1,193980,0.31,43163,22.3,122930,63.4,27887,14.4,3169,1560,1609,7878,8587,-709,3129,680,2449,78.6,82.4,18.5,20.9
E06000032,Luton,E12000006,East of England,67.8,8.9,29.4,266,128,140,47,64.6,23,8,36.8,22.2,191,334,19,354,227,59.4,17.8,82.2,19.8,214710,0.34,50635,23.6,138226,64.4,25849,12,3504,1458,2046,9019,10615,-1596,4192,887,3305,78.4,82.2,18.3,20.5
E06000033,Southend-on-Sea,E12000006,East of England,75.6,10.7,23.8,200,289,167,57.7,67.9,28.4,2.4,41.4,18.5,112,173,305,206,290,57.3,26.3,73.7,27.3,178702,0.28,34225,19.2,110434,61.8,34043,19.1,2192,1876,316,8014,7900,114,811,477,334,79.6,83.1,18.9,21
E06000034,Thurrock,E12000006,East of England,72.8,5.5,31.9,345,64,290,61.5,64.5,23.3,8.1,43.8,16.7,196,332,17,115,320,51.7,13.4,86.6,20,165184,0.26,36890,22.3,105449,63.8,22845,13.8,2453,1222,1231,7219,7080,139,1001,452,549,79.3,82.6,18.1,20.5
E06000035,Medway,E12000008,South East,69.8,13,32.5,137,51,150,29.7,59.5,25.7,5.4,41.5,17.1,285,273,63,202,312,59.9,20,80,23.3,276492,0.44,56049,20.3,177932,64.4,42511,15.4,3580,2368,1212,11996,11738,258,1570,573,997,78.7,82.2,18.1,20.3
E06000036,Bracknell Forest,E12000008,South East,83.3,3.5,24.8,373,265,227,76.1,79.7,28.5,3.8,41.6,28.2,9,172,164,194,127,35.1,10.4,89.6,30.5,118982,0.19,24851,20.9,77853,65.4,16278,13.7,1487,746,741,6438,6478,-40,927,616,311,81.4,85,19.3,22.4
E06000037,West Berkshire,E12000008,South East,83.1,13.7,21.2,106,333,273,62.6,66.6,34.6,3.8,45.8,36.4,140,51,164,45,55,24,14.7,85.3,36.5,156020,0.25,31516,20.2,96792,62,27712,17.8,1782,1228,554,8124,8194,-70,800,958,-158,81,84.3,19.6,22.1
E06000038,Reading,E12000008,South East,73.2,6.2,22.9,333,304,285,81.1,79.4,37.5,6.6,43.4,37.8,10,22,35,127,49,12.8,16.8,83.2,36.4,161739,0.26,33191,20.5,109115,67.5,19433,12,2492,1108,1384,11747,13672,-1925,3565,2127,1438,78.5,82.9,18.2,21
E06000039,Slough,E12000008,South East,74.9,7.3,23.8,304,289,340,82.1,65.4,24.8,8,45.1,27.1,172,297,19,63,135,36.2,13.4,86.6,24.7,145734,0.23,37039,25.4,94777,65,13918,9.6,2566,810,1756,6715,8153,-1438,2156,1316,840,78.6,82.9,18.1,21
E06000040,Windsor and Maidenhead,E12000008,South East,79.8,6,18.9,340,352,255,83.3,72.6,29.9,4.5,41.7,40.8,40,129,104,190,28,25.9,10.4,89.6,35.9,147708,0.23,29753,20.1,91050,61.6,26905,18.2,1649,1283,366,8963,9155,-192,1281,1213,68,80.8,84.8,19.4,22.3
E06000041,Wokingham,E12000008,South East,78.7,5.9,21.6,342,326,245,80.3,71.8,34,4,44.2,38.1,49,58,137,100,47,20.6,8.4,91.6,38.2,160409,0.25,33275,20.7,99461,62,27673,17.3,1744,1190,554,10509,9865,644,1153,930,223,81.8,84.7,19.7,21.9
E06000042,Milton Keynes,E12000008,South East,77.1,7.5,27.8,301,173,355,72.9,68.7,25.4,6.5,43.9,25.4,95,285,39,112,159,36.4,14,86,25.1,261762,0.41,59766,22.8,168548,64.4,33448,12.8,3740,1773,1967,10675,10735,-60,2238,1573,665,79.1,82.6,18.2,20.7
E06000043,Brighton and Hove,E12000008,South East,71.6,5.5,18.5,345,354,154,75,72.9,37.5,4.4,47.5,39.9,35,22,107,22,32,11.5,17.7,82.3,33.9,285276,0.45,45679,16,201522,70.6,38075,13.3,2989,2122,867,19195,20030,-835,6688,2511,4177,79,83.5,18.7,21.6
E06000044,Portsmouth,E12000008,South East,70.6,14.7,26.5,79,216,112,35.8,64.5,25.6,5.2,44.5,21.1,196,276,68,88,247,46.2,21,79,24.3,211758,0.33,39310,18.6,142763,67.4,29685,14,2726,1768,958,12030,12147,-117,2892,1066,1826,78.2,82.2,17.8,20.4
E06000045,Southampton,E12000008,South East,76.2,6.2,27.3,333,192,118,56.6,69.1,25,4.7,40.5,25,88,292,90,248,169,46.8,21.4,78.6,22,249537,0.39,44384,17.8,172205,69,32948,13.2,3337,1839,1498,16103,16913,-810,5348,1815,3533,78.2,83.1,17.7,21.2
E06000046,Isle of Wight,E12000008,South East,72.2,9.4,29,247,139,236,54.7,69.5,30.7,1.8,40.1,18.4,83,113,345,267,293,58.1,19.4,80.6,21.5,139395,0.22,22109,15.9,80239,57.6,37047,26.6,1323,1764,-441,4592,3854,738,421,400,21,79.8,83.5,19,21.4
E06000047,County Durham,E12000001,North East,67.3,19.1,26.1,20,229,70,28.1,54.3,28.2,4,38.5,19.7,361,180,137,315,270,66.6,21.3,78.7,23,519695,0.82,88653,17.1,327617,63,103425,19.9,5293,5562,-269,17154,15964,1190,2115,1059,1056,78.1,81.4,17.9,19.8
E06000049,Cheshire East,E12000002,North West,74.9,7.9,26.1,293,229,258,68.6,70.9,31.1,4,45,27.3,61,105,137,67,132,26.5,13.6,86.4,32.6,375392,0.59,66181,17.6,226971,60.5,82240,21.9,3731,3871,-140,14873,13840,1033,1607,1357,250,80.3,83.8,19.4,21.5
E06000050,Cheshire West and Chester,E12000002,North West,73.6,8.9,24.8,266,265,202,64.5,70,27.1,4.1,44.5,31.2,73,225,130,88,88,31.9,15.5,84.5,27.7,333917,0.53,58570,17.5,206441,61.8,68906,20.6,3521,3357,164,14322,13097,1225,1436,1147,289,79.5,83.3,18.8,21
E06000051,Shropshire,E12000005,West Midlands,80.2,10.3,29.5,216,124,187,46.4,61.2,26,2.2,39.1,23.2,255,262,325,303,207,71.3,17.8,82.2,23.3,311380,0.49,51755,16.6,186940,60,72685,23.3,2786,3271,-485,12074,10624,1450,996,882,114,80.2,84.1,19.2,21.8
E06000052,Cornwall,E12000009,South West,74.3,7.8,27.8,295,173,241,62.4,67,26.4,2.4,39.4,19.5,129,244,305,294,278,66,14.6,85.4,18.9,549404,0.87,92792,16.9,324681,59.1,131931,24,5417,6126,-709,21459,16954,4505,2282,2030,252,79.5,83.5,19.1,21.4
E06000054,Wiltshire,E12000009,South West,79.2,11.7,24.1,169,278,230,59.5,67.4,30.9,2.9,42.5,27.2,119,107,264,159,133,41.3,16.2,83.8,27.9,486093,0.77,92123,19,294784,60.6,99186,20.4,5168,4720,448,21153,18912,2241,2076,2663,-587,80.9,84.1,19.6,21.8
E06000055,Bedford,E12000006,East of England,78.7,11.3,26.7,186,209,211,53.3,64.6,28.1,4.9,40,29.7,191,187,80,271,107,44.1,19.4,80.6,31.4,166252,0.26,33595,20.2,104014,62.6,28643,17.2,2107,1463,644,8168,7301,867,1511,661,850,80.2,83.9,19.4,21.9
E06000056,Central Bedfordshire,E12000006,East of England,79.5,9.7,29.8,238,118,376,64.4,63.9,27.2,4,38.5,26.5,203,222,137,315,144,53.9,11.3,88.7,31.5,274022,0.43,53324,19.5,173584,63.3,47114,17.2,3251,2038,1213,14968,12621,2347,1841,334,1507,81.5,83.8,19.8,21.4
E06000057,Northumberland,E12000001,North East,74,13.5,27.6,112,182,97,34.4,62.8,28.6,2.7,37.7,21.9,224,168,279,336,233,65.4,19,81,23.9,315263,0.5,52064,16.5,190478,60.4,72721,23.1,2707,3711,-1004,9732,9066,666,530,726,-196,79.4,82.5,18.6,20.6
E07000004,Aylesbury Vale,E12000008,South East,79.8,10.7,23.7,200,292,232,63.7,67.9,29.8,3.4,42.9,36.1,112,133,210,141,58,34.5,17.9,82.1,29.9,188707,0.3,38569,20.4,119223,63.2,30915,16.4,2286,1496,790,10586,8400,2186,1696,496,1200,80.6,84,19.4,21.6
E07000005,Chiltern,E12000008,South East,80.2,5.3,20,350,345,324,89.6,69.1,36.3,3.6,41.3,44.3,88,37,189,212,21,28.9,12,88,40.9,94545,0.15,19412,20.5,55049,58.2,20084,21.2,892,817,75,5679,5300,379,406,305,101,81.8,86.7,20.7,24.2
E07000006,South Bucks,E12000008,South East,77.4,3.6,21.7,372,322,364,93.1,77.7,30.7,3.7,43.7,44.7,13,113,175,116,20,23.1,6,94,39.9,69120,0.11,13319,19.3,41369,59.9,14432,20.9,726,704,22,5120,4613,507,420,325,95,81.6,85.5,19.4,22.7
E07000007,Wycombe,E12000008,South East,79.6,7.9,24.7,293,267,362,81.1,72.4,31.9,3.3,43.6,38.5,45,88,219,118,44,27.1,9.9,90.1,31.2,176028,0.28,36026,20.5,109312,62.1,30690,17.4,2215,1328,887,9224,9371,-147,1099,765,334,82.1,84.9,20.2,22.6
E07000008,Cambridge,E12000006,East of England,78,5,21.5,356,329,87,67.9,67.6,41.7,3.9,46.1,60.9,117,7,152,40,2,16.8,19.1,80.9,50.2,130907,0.21,20300,15.5,94900,72.5,15707,12,1441,904,537,13758,14369,-611,4796,2326,2470,79.9,84.1,19,21.4
E07000009,East Cambridgeshire,E12000006,East of England,79.8,11.6,23.3,173,299,313,69,61.2,30.8,2.7,47.6,28.6,255,111,279,21,118,41.4,10.4,89.6,35.1,87306,0.14,17358,19.9,53141,60.9,16807,19.3,1041,724,317,4375,4369,6,769,491,278,82.2,85.5,20.6,23
E07000010,Fenland,E12000006,East of England,76,12.5,28.3,154,161,374,60.6,56.5,25.6,2.3,46.2,13,336,276,316,34,368,70.2,14.1,85.9,15.7,99171,0.16,17415,17.6,59949,60.5,21807,22,1133,1119,14,5052,4661,391,1199,188,1011,79.4,82.6,18.7,21.1
E07000011,Huntingdonshire,E12000006,East of England,83.1,16.6,28.5,42,155,372,50,62,26.3,4.1,43.2,26.4,235,246,130,132,146,46.9,15.7,84.3,23.3,174966,0.28,32615,18.6,109365,62.5,32986,18.9,1944,1391,553,8099,8159,-60,846,539,307,81.2,84.5,19.8,21.9
E07000012,South Cambridgeshire,E12000006,East of England,82.8,9.5,21.7,244,322,377,82.9,72.8,40.7,3.2,46.2,40.7,36,11,227,34,29,17.8,11.7,88.3,38.4,154888,0.24,30669,19.8,95301,61.5,28918,18.7,1726,1242,484,9772,9247,525,995,451,544,82.7,85.6,20.4,22.9
E07000026,Allerdale,E12000002,North West,80.2,16.8,27.7,39,177,209,37.4,57,24.6,3.7,32.8,24.4,327,303,175,375,180,71.8,17.2,82.8,23.9,96660,0.15,15899,16.4,58273,60.3,22488,23.3,906,1133,-227,3130,2766,364,201,139,62,78.8,82.3,18.8,20.5
E07000027,Barrow-in-Furness,E12000002,North West,69.3,9.7,29.3,238,131,9,33.2,70.1,23.6,4.9,37.6,11.5,71,327,80,340,374,62.9,20,80,20.7,67515,0.11,11841,17.5,41543,61.5,14131,20.9,754,765,-11,1710,1873,-163,111,101,10,77.1,81.5,17.7,20.3
E07000028,Carlisle,E12000002,North West,78.9,10.3,32.2,216,57,251,46.1,61.8,24,3.1,37.6,20.6,239,320,235,340,251,73.1,21.2,78.8,20.8,108155,0.17,18862,17.4,67106,62,22187,20.5,1194,1153,41,3673,3618,55,376,348,28,78.9,82.5,18.3,20.9
E07000029,Copeland,E12000002,North West,72.6,38.7,36.1,1,9,1,1,45.6,22.2,4.8,32.9,17.1,379,352,86,374,312,79.3,50.9,49.1,22.2,69647,0.11,11631,16.7,43137,61.9,14879,21.4,715,804,-89,1792,1892,-100,100,89,11,78.1,81.8,17.7,20.1
E07000030,Eden,E12000002,North West,85.4,10.7,31.5,200,74,281,48.8,61.1,26.1,0.3,40.5,28.4,258,256,378,248,121,66.5,17.8,82.2,24,52565,0.08,8092,15.4,31265,59.5,13208,25.1,397,548,-151,2188,2152,36,185,141,44,80.9,85.1,20,23
E07000031,South Lakeland,E12000002,North West,80.7,10.2,25.3,220,252,304,68.2,67.2,28.1,1.5,38.2,29.8,123,187,358,327,106,58.1,13.1,86.9,18.8,103454,0.16,15378,14.9,59751,57.8,28325,27.4,807,1204,-397,4815,4357,458,573,470,103,80.6,84.6,19.9,22.1
E07000032,Amber Valley,E12000004,East Midlands,71.8,24.6,31.9,3,64,126,17,46.6,26.8,3.3,48.4,26.6,378,229,219,13,142,51.8,16.6,83.4,25.3,124069,0.2,20967,16.9,76701,61.8,26401,21.3,1201,1355,-154,5237,5006,231,200,141,59,79.6,83.2,18.4,21.2
E07000033,Bolsover,E12000004,East Midlands,73.5,14.2,32.8,91,46,133,23.7,64,17.9,24.2,40.5,11.7,202,376,1,248,373,63.3,11.2,88.8,8.8,77780,0.12,13851,17.8,48718,62.6,15211,19.6,876,882,-6,3728,3321,407,307,86,221,77.6,81.7,16.9,19.5
E07000034,Chesterfield,E12000004,East Midlands,72,13.5,36.3,112,8,160,24.6,65.7,23,3,42.2,14.6,157,334,252,174,348,66.8,26,74,21.9,104407,0.17,17643,16.9,65579,62.8,21185,20.3,1073,1181,-108,3630,3516,114,196,92,104,78.5,82.2,18,20.6
E07000035,Derbyshire Dales,E12000004,East Midlands,84.4,16.6,18.2,42,358,27,37.6,56.4,31.3,1.1,36.8,32.2,337,100,366,354,82,65.4,15.8,84.2,33,71145,0.11,11082,15.6,41825,58.8,18238,25.6,521,851,-330,3136,2867,269,159,101,58,81.4,84.7,19.2,22
E07000036,Erewash,E12000004,East Midlands,80.9,21.6,30.5,8,97,110,18.9,53.3,23,4,44.5,22.8,366,334,137,88,217,60.3,16.6,83.4,24.8,114510,0.18,20521,17.9,71525,62.5,22464,19.6,1303,1159,144,5086,4806,280,188,156,32,79.7,83.2,18.4,21.1
E07000037,High Peak,E12000004,East Midlands,78.9,20.4,29.8,12,118,59,16.6,54.8,38.7,2.7,40.7,32.5,358,19,279,239,78,51.3,17.2,82.8,31.9,91496,0.14,15726,17.2,57626,63,18144,19.8,886,911,-25,3450,3385,65,200,117,83,79.3,83.3,18.7,21
E07000038,North East Derbyshire,E12000004,East Midlands,77.3,15.7,30.8,56,90,86,20.4,53.7,28.9,3.1,43.2,20,365,156,235,132,265,60.8,15.9,84.1,29.1,99639,0.16,16039,16.1,59940,60.2,23660,23.7,891,1130,-239,4266,3820,446,145,58,87,80.4,83.3,19.2,21
E07000039,South Derbyshire,E12000004,East Midlands,73.7,10.1,27.6,224,182,119,46.2,57.1,34.7,4.3,44.1,25.4,324,50,116,105,159,39.8,12.2,87.8,30.5,99319,0.16,18898,19,63010,63.4,17411,17.5,1092,911,181,5566,4856,710,180,110,70,79.4,83,18.3,20.7
E07000040,East Devon,E12000009,South West,80.4,7.3,15.4,304,371,329,88.3,65.6,43.1,1.7,40.3,29,160,5,348,261,113,46.8,11.5,88.5,28,138141,0.22,21653,15.7,75268,54.5,41220,29.8,1127,1888,-761,8243,5877,2366,419,288,131,81.1,84,20.1,22.1
E07000041,Exeter,E12000009,South West,82.1,10.6,25.3,208,252,172,55.6,69.6,26.5,2.3,41,30.5,80,240,316,226,96,50.6,25.4,74.6,29.7,127308,0.2,19556,15.4,87797,69,19955,15.7,1300,1099,201,11046,10038,1008,2553,732,1821,79.4,84.4,18.2,22.2
E07000042,Mid Devon,E12000009,South West,81.8,13.4,31.6,120,72,208,35.2,55.3,34.3,1.6,37.9,24.1,351,54,353,334,190,67.7,12.5,87.5,34,79510,0.13,14615,18.4,46865,58.9,18030,22.7,802,774,28,4191,4010,181,307,181,126,82,85.6,20.6,22.9
E07000043,North Devon,E12000009,South West,78.9,11.2,26.5,188,216,250,57.5,67.2,23,0.8,38.9,19.7,123,334,372,307,270,74.2,16.7,83.3,16.3,94172,0.15,16055,17,54972,58.4,23145,24.6,868,1158,-290,4529,4290,239,286,170,116,79.7,83.4,19.2,21.4
E07000044,South Hams,E12000009,South West,71,12.7,22.7,146,310,351,71,64.6,37.2,1.6,38.1,33.9,191,27,353,328,70,51.1,10.3,89.7,30.5,84470,0.13,13442,15.9,48397,57.3,22631,26.8,678,946,-268,5163,4654,509,334,292,42,81.1,85.4,20.2,22.7
E07000045,Teignbridge,E12000009,South West,81.7,9.8,23.9,232,285,330,74.5,66.3,32.6,2.2,39.4,23.4,146,74,325,294,201,54.9,13.5,86.5,27.5,128826,0.2,20929,16.2,74959,58.2,32938,25.6,1186,1535,-349,7280,5608,1672,336,192,144,80.1,84.2,19.1,22.2
E07000046,Torridge,E12000009,South West,61,10.5,34.8,211,18,156,33.9,61.8,27.4,1,38.1,22.6,239,214,369,328,221,72.3,12.6,87.4,26,66265,0.1,10859,16.4,38131,57.5,17275,26.1,565,794,-229,4093,3293,800,183,94,89,79.9,83.3,18.7,21.5
E07000047,West Devon,E12000009,South West,80.4,6.9,24.1,320,278,184,68.8,63.9,34.4,1.2,41.3,30,203,53,364,212,104,49.4,11.1,88.9,30.6,54385,0.09,8683,16,31328,57.6,14374,26.4,464,603,-139,3289,3095,194,181,100,81,79.6,85,19.2,22.2
E07000048,Christchurch,E12000009,South West,83.1,9.4,38.2,247,3,256,44.5,68.7,29.7,2.3,43.5,18.8,95,138,316,123,288,50.7,10.7,89.3,20.9,49057,0.08,7695,15.7,25954,52.9,15408,31.4,400,724,-324,3151,2693,458,138,110,28,82.5,85.6,20.5,23.4
E07000049,East Dorset,E12000009,South West,79.5,15,29.4,69,128,171,32.4,62.6,29.3,2.2,44.9,24.4,226,149,325,70,180,50.1,13.6,86.4,29.7,88690,0.14,13503,15.2,47952,54.1,27235,30.7,647,1124,-477,5487,4636,851,209,103,106,82.8,86,20.9,23.5
E07000050,North Dorset,E12000009,South West,80.3,13.2,26.3,127,226,130,42.5,56.1,24.2,1.8,34.7,20.8,342,314,345,366,249,85.3,14.3,85.7,25.9,70713,0.11,12140,17.2,41258,58.3,17315,24.5,648,774,-126,4600,4089,511,310,137,173,81.8,85.6,20,23.1
E07000051,Purbeck,E12000009,South West,80.1,17.8,21.8,29,320,215,49.6,58.1,27.8,2,30.4,30.6,306,201,341,377,95,69.7,17.3,82.7,25,46212,0.07,7485,16.2,26462,57.3,12265,26.5,395,549,-154,2836,2423,413,144,75,69,81.9,85,20,22.8
E07000052,West Dorset,E12000009,South West,76.5,13.9,26.2,99,228,76,35.4,66,31.5,2.1,39.8,29,151,95,334,282,113,51.5,23.2,76.8,28.2,100747,0.16,15671,15.6,55461,55,29615,29.4,791,1327,-536,6166,5535,631,374,225,149,81.5,84.8,20.2,22.2
E07000053,Weymouth and Portland,E12000009,South West,74.7,6.7,31.9,324,64,155,47.8,70.2,30.9,1.9,34.3,11.9,67,107,344,369,372,66.4,17.4,82.6,15.2,65166,0.1,10734,16.5,38700,59.4,15732,24.1,624,772,-148,3159,2861,298,218,139,79,78.5,83.2,18.8,21.4
E07000061,Eastbourne,E12000008,South East,71.3,7.3,34.7,304,21,161,42.7,73,31.3,3.5,41.9,24.1,34,100,197,185,190,37.3,21.3,78.7,20.9,102465,0.16,17541,17.1,60086,58.6,24838,24.2,1114,1338,-224,6155,5383,772,788,410,378,80.1,83.2,19.2,21.5
E07000062,Hastings,E12000008,South East,67.7,14,32.2,96,57,129,24.8,66.3,32.3,3.9,43.6,20.4,146,77,152,118,256,39.5,24.1,75.9,23.8,91497,0.14,17047,18.6,57020,62.3,17430,19,1085,1052,33,4502,4230,272,477,380,97,77.9,81.7,17.9,20.5
E07000063,Lewes,E12000008,South East,75,12.9,31.1,140,81,104,28.6,64.7,24.2,3.4,34.7,23.1,188,314,210,366,209,67.9,19.3,80.7,26.6,100693,0.16,17454,17.3,58292,57.9,24947,24.8,931,1076,-145,5428,4880,548,357,256,101,81.1,85.7,19.9,23.5
E07000064,Rother,E12000008,South East,75.3,7,22.3,318,315,248,77.5,70,34.6,1.8,38.1,21.8,73,51,345,328,234,54.4,10.1,89.9,31,92908,0.15,14096,15.2,49896,53.7,28916,31.1,728,1458,-730,6086,4680,1406,298,202,96,80,84.2,19.2,22.1
E07000065,Wealden,E12000008,South East,75.4,8.1,27.2,290,194,223,62.2,66.8,28.3,2.2,38.4,20.4,135,179,325,321,256,64.2,10.6,89.4,25,156501,0.25,26958,17.2,90042,57.5,39501,25.2,1378,1739,-361,8999,7164,1835,552,293,259,81.6,84.9,20.1,22.4
E07000066,Basildon,E12000006,East of England,74.9,11,30.8,193,90,279,49.4,69,32.2,5.1,43.3,22.9,91,79,74,129,215,31,16.6,83.4,27.9,181721,0.29,36914,20.3,113696,62.6,31111,17.1,2402,1596,806,7969,7950,19,581,215,366,79.7,83.1,18.8,21.1
E07000067,Braintree,E12000006,East of England,79.7,13.7,36.4,106,7,319,38,60.7,22.8,3.5,42.5,14.9,267,342,197,159,343,69,11.1,88.9,18.1,150360,0.24,28893,19.2,92727,61.7,28740,19.1,1636,1496,140,7023,6990,33,458,262,196,80.1,83.4,18.9,21
E07000068,Brentwood,E12000006,East of England,80.5,4.7,19,361,350,345,92.9,73.3,28.2,3,41.8,28.7,31,180,252,187,115,40.4,9.1,90.9,28.4,76057,0.12,13895,18.3,46744,61.5,15418,20.3,896,810,86,4325,4126,199,305,173,132,81.4,83.9,19.7,21.5
E07000069,Castle Point,E12000006,East of England,80.4,8.6,30,278,111,293,60,63.3,25.3,4.9,37.7,10.7,216,287,80,336,377,68.4,13.2,86.8,17.9,89173,0.14,14744,16.5,52467,58.8,21962,24.6,843,1040,-197,4028,3641,387,140,59,81,79.7,82.4,18.7,20.5
E07000070,Chelmsford,E12000006,East of England,79,9.8,27.2,232,194,190,54.2,68,27.5,4.4,44.2,23.7,109,211,107,100,194,38,23.7,76.3,28.6,172638,0.27,32238,18.7,107966,62.5,32434,18.8,1928,1468,460,8321,8284,37,883,373,510,81.4,84.9,19.8,22.1
E07000071,Colchester,E12000006,East of England,80.5,7.1,26.9,312,203,277,69.7,70,26.2,3.6,40.8,25.3,73,251,189,237,161,48.1,17,83,22,183939,0.29,34354,18.7,118031,64.2,31554,17.2,2216,1548,668,10788,9407,1381,2174,850,1324,80,83.5,19,21.3
E07000072,Epping Forest,E12000006,East of England,73.8,5.4,25.2,348,254,341,82.9,66.3,32,4.4,42.1,23.4,146,84,107,177,201,37.7,9.4,90.6,28.7,129677,0.21,23953,18.5,80473,62.1,25251,19.5,1559,1376,183,7746,7480,266,585,139,446,80.3,83.6,19.3,21.3
E07000073,Harlow,E12000006,East of England,74.9,9.8,26.7,232,209,166,53.4,71.8,19.6,6.4,40,13.1,49,371,41,271,365,57.9,16.6,83.4,23.9,85397,0.14,18379,21.5,53895,63.1,13123,15.4,1312,734,578,3671,3983,-312,752,181,571,78.6,83.3,18.4,21.5
E07000074,Maldon,E12000006,East of England,74.9,13.5,32.1,112,61,361,47,61.9,21.5,2.6,45.5,25,237,360,285,48,169,58,8.7,91.3,26.6,62743,0.1,10394,16.6,37473,59.7,14876,23.7,538,707,-169,3092,3013,79,142,78,64,81.5,83.8,19.3,20.9
E07000075,Rochford,E12000006,East of England,78.3,10.3,35.6,216,12,331,49.2,60.8,27.4,4.1,45.6,17.6,265,214,130,46,306,50.7,14.5,85.5,23.5,85144,0.13,14668,17.2,51197,60.1,19279,22.6,763,793,-30,4099,3763,336,116,53,63,81.5,84.9,20,22.5
E07000076,Tendring,E12000006,East of England,68.6,9.3,24.1,253,278,307,73.7,64.9,28.9,2.4,40.5,15.1,184,156,305,248,341,65.1,14.9,85.1,18.8,141183,0.22,23004,16.3,76686,54.3,41493,29.4,1358,2128,-770,7162,5209,1953,319,240,79,78.7,82,18.8,20.8
E07000077,Uttlesford,E12000006,East of England,76.3,8.7,34.4,273,25,357,57.6,55.6,27.4,3.9,43.6,29.2,347,214,152,118,110,49.7,9.2,90.8,28.2,85119,0.13,16907,19.9,51987,61.1,16225,19.1,903,692,211,5218,4513,705,335,219,116,82.5,85.2,20.4,22.6
E07000078,Cheltenham,E12000009,South West,73.9,14.6,24.3,82,274,147,44.2,69.4,39,1.6,42.7,42.2,85,16,353,152,26,33.4,20.6,79.4,34.1,116781,0.18,20239,17.3,75115,64.3,21427,18.3,1335,1123,212,7468,7573,-105,1081,899,182,80.5,83.9,19.4,21.7
E07000079,Cotswold,E12000009,South West,78.8,8.2,23.1,284,303,375,84.6,67.5,27.5,2.8,38.5,26.7,118,211,271,315,139,55.6,8.1,91.9,35.4,85162,0.13,13840,16.3,50290,59.1,21032,24.7,667,931,-264,5966,5253,713,472,418,54,81,85.3,20,22.7
E07000080,Forest of Dean,E12000009,South West,80.1,15.6,28.9,59,142,316,45.5,55.8,29.8,2.1,37.1,21.7,345,133,334,347,235,73.6,12,88,23.3,84544,0.13,13783,16.3,51006,60.3,19755,23.4,774,924,-150,4448,3551,897,236,163,73,79.9,83.9,18.5,21.5
E07000081,Gloucester,E12000009,South West,78.6,13.5,30.5,112,97,175,33.8,69.1,27.7,4.2,44.7,24.7,88,204,127,78,175,35.5,23.6,76.4,22.9,127158,0.2,25399,20,81311,63.9,20448,16.1,1773,1139,634,6545,6175,370,910,419,491,79.1,82.6,18.6,20.8
E07000082,Stroud,E12000009,South West,83.8,19.6,28.8,17,145,332,43.4,55.3,28.1,3,41.7,31.5,351,187,252,190,86,56.3,10.1,89.9,22.4,116627,0.18,20928,17.9,70497,60.4,25202,21.6,1113,1228,-115,6258,4710,1548,328,240,88,79.9,82.8,18.6,20.8
E07000083,Tewkesbury,E12000009,South West,84.4,13.5,23.5,112,294,342,65.8,66.9,26.3,3.7,44.1,23,132,246,175,105,211,45.9,10.1,89.9,24.7,86890,0.14,15744,18.1,52166,60,18980,21.8,953,846,107,5646,4910,736,423,197,226,80.5,84.1,19.1,22.3
E07000084,Basingstoke and Deane,E12000008,South East,81.7,9.1,22.3,259,315,269,74.1,69,35.7,4.7,42.7,28.4,91,44,90,152,121,26.3,14.4,85.6,30.7,173856,0.27,34957,20.1,110246,63.4,28653,16.5,2140,1407,733,7497,7603,-106,986,607,379,81.1,83.4,19.7,21.3
E07000085,East Hampshire,E12000008,South East,75,10.6,25.2,208,254,292,66.3,65.2,29.9,2.4,43.1,28.1,177,129,305,135,128,46.1,10,90,29.9,118077,0.19,21445,18.2,70388,59.6,26244,22.2,1057,1124,-67,6872,6141,731,438,340,98,81.2,84.2,19.9,21.8
E07000086,Eastleigh,E12000008,South East,84.6,12.6,28.8,149,145,310,53.1,64.7,28.4,2.8,42.5,21.6,188,173,271,159,240,54.4,12.5,87.5,25.7,129027,0.2,24579,19,80442,62.3,24006,18.6,1496,1058,438,5941,6392,-451,334,208,126,81.9,84.6,19.7,22.2
E07000087,Fareham,E12000008,South East,79.3,12.8,20.7,144,336,220,61.6,62.9,25.4,3,45.2,20.2,221,285,252,56,260,56.7,15.1,84.9,26.8,114799,0.18,19384,16.9,69409,60.5,26006,22.7,1065,1188,-123,5916,5521,395,325,251,74,80.8,83.9,19.2,21.5
E07000088,Gosport,E12000008,South East,78.5,17.1,24.9,36,264,114,36.4,59.3,18.2,4,45.2,22.6,287,375,137,56,221,56.8,19.5,80.5,20.1,84672,0.13,15998,18.9,52393,61.9,16281,19.2,961,828,133,3642,3535,107,200,156,44,78.3,82.7,18.2,20.9
E07000089,Hart,E12000008,South East,84.1,6,24.7,340,267,36,56.6,76,33.6,3,44.3,36.6,18,64,252,97,53,25.5,8.5,91.5,33,93912,0.15,18786,20,57355,61.1,17771,18.9,1033,665,368,5356,5360,-4,393,327,66,82.4,86.6,20.1,23.5
E07000090,Havant,E12000008,South East,75,13.6,29.6,109,122,163,34.7,61.8,19.6,4.4,38,21.5,239,371,107,332,242,68.1,13.1,86.9,28.6,122927,0.19,21656,17.6,73008,59.4,28263,23,1255,1341,-86,5867,5214,653,259,186,73,80,83.5,19.4,21.6
E07000091,New Forest,E12000008,South East,77.8,10.1,28.4,224,158,264,56.8,63.8,28,2.2,44.9,18.1,206,193,325,70,297,57.6,13.1,86.9,21.9,179023,0.28,28768,16.1,100800,56.3,49455,27.6,1502,2233,-731,7778,7179,599,648,407,241,82.1,85.1,20.5,22.9
E07000092,Rushmoor,E12000008,South East,89.2,8.8,33.5,270,37,305,53.8,74.2,24.4,4.3,39.9,20.2,24,309,116,278,260,52.1,8.4,91.6,24,95342,0.15,19030,20,63102,66.2,13210,13.9,1373,666,707,5425,6199,-774,760,401,359,79.2,83.3,18.2,21.1
E07000093,Test Valley,E12000008,South East,80.4,11.4,28.6,182,152,302,55.9,65.1,28,4.6,41.8,34.2,180,193,99,187,69,38.4,13.6,86.4,34.4,120712,0.19,22565,18.7,72884,60.4,25263,20.9,1318,1051,267,6835,5888,947,521,502,19,81.3,84.3,19.9,21.8
E07000094,Winchester,E12000008,South East,86.2,8.5,25.5,279,246,100,55,71.3,30.8,4,47.7,44.1,56,111,137,19,22,18.2,19.4,80.6,42.3,120696,0.19,22141,18.3,73779,61.1,24776,20.5,1205,1125,80,9489,8398,1091,875,694,181,82,85.3,20.2,22.8
E07000095,Broxbourne,E12000006,East of England,76,7.7,31.5,297,74,13,33.8,71,22.3,5.7,40,28.6,59,350,57,271,118,45.1,8.9,91.1,26.6,96217,0.15,19252,20,59954,62.3,17011,17.7,1274,726,548,4901,5260,-359,457,182,275,81,84.9,19.7,22.9
E07000096,Dacorum,E12000006,East of England,82.6,8.7,29.1,273,136,229,56.1,66.8,25.6,2.4,44.8,32.2,135,276,305,73,82,46,11,89,27.4,151350,0.24,30082,19.9,95920,63.4,25348,16.7,1870,1174,696,7541,7393,148,765,236,529,80.8,84.6,19.5,22
E07000098,Hertsmere,E12000006,East of England,72.4,3.8,27.8,369,173,371,80.3,66.9,28.6,3.7,44.2,26.8,132,168,175,100,138,37.6,8.1,91.9,30.5,102998,0.16,21319,20.7,63377,61.5,18302,17.8,1312,980,332,6703,6826,-123,663,297,366,80.6,84,19.6,21.9
E07000099,North Hertfordshire,E12000006,East of England,82.1,13.9,19.8,99,347,297,65.3,66.4,33.9,3.5,45.5,30.4,145,60,197,48,98,28.9,8.5,91.5,29.8,131696,0.21,25737,19.5,81655,62,24304,18.5,1522,1304,218,7389,7095,294,439,308,131,80.5,83.1,18.8,20.7
E07000102,Three Rivers,E12000006,East of England,81.9,3.5,23.5,373,294,261,81.6,70.2,35.7,3.6,40.9,28.7,67,44,189,230,115,34,7.7,92.3,30.8,91674,0.14,18536,20.2,56678,61.8,16460,18,1039,834,205,6288,5448,840,366,203,163,81.2,84.7,19.3,21.9
E07000103,Watford,E12000006,East of England,87.1,3.8,30.4,369,100,2,41.4,86.4,30.3,6.3,44.9,39.1,2,118,43,70,39,14.4,32.8,67.2,22.5,96403,0.15,20945,21.7,63202,65.6,12256,12.7,1494,763,731,6368,6932,-564,1098,371,727,78.9,82.5,17.7,20.2
E07000105,Ashford,E12000008,South East,75.7,11.4,31.5,182,74,267,46,67.9,22.5,2.6,40.5,22.9,112,345,285,248,215,63.6,17.7,82.3,23.1,124250,0.2,25462,20.5,75203,60.5,23585,19,1525,1125,400,5949,5822,127,655,225,430,80.8,83.9,19.3,21.7
E07000106,Canterbury,E12000008,South East,63.9,6.1,15.9,337,370,181,78.1,65.8,37,2.7,42.4,32.2,154,29,279,165,82,37.4,15.9,84.1,42.4,159965,0.25,25520,16,102425,64,32020,20,1385,1658,-273,12797,11650,1147,2395,851,1544,80.3,83.5,19.4,21.3
E07000107,Dartford,E12000008,South East,73,5.3,27.8,350,173,183,62.1,66.5,27.7,7,43.9,17.7,142,204,29,112,304,41.7,16.8,83.2,33,103892,0.16,21726,20.9,66754,64.3,15412,14.8,1505,934,571,6506,5829,677,557,153,404,79.3,82.2,18,20.2
E07000108,Dover,E12000008,South East,69.3,11.2,25,188,261,213,58.2,56.3,28.6,2.3,40.7,21.7,339,168,316,239,235,68.4,19.1,80.9,23.8,113228,0.18,19941,17.6,67574,59.7,25713,22.7,1147,1335,-188,4576,4411,165,581,359,222,79.4,82.8,19,21.2
E07000109,Gravesham,E12000008,South East,69.3,12.9,35.6,140,12,206,31.5,58.2,28.9,6,40.5,24.9,304,156,50,248,173,49.1,18.9,81.1,24.6,106299,0.17,22010,20.7,66324,62.4,17965,16.9,1421,886,535,4870,4871,-1,784,274,510,79.7,83.2,18.9,20.9
E07000110,Maidstone,E12000008,South East,81,14,28.2,96,164,170,37.8,67,24.1,3.8,42.1,25.3,129,318,164,177,161,50.1,22.3,77.7,21,164499,0.26,31695,19.3,101858,61.9,30946,18.8,2039,1483,556,8663,7476,1187,1372,418,954,80.4,83.4,18.9,20.9
E07000111,Sevenoaks,E12000008,South East,74.6,6.7,17.1,324,364,370,93.1,69.5,36.4,3.4,37.4,38.2,83,34,210,344,45,37.8,8.2,91.8,39,118409,0.19,23369,19.7,70363,59.4,24677,20.8,1329,1099,230,7060,6973,87,513,227,286,81.6,84.7,19.9,22.2
E07000112,Shepway,E12000008,South East,78.4,12.1,31.4,163,77,308,48.2,64.6,26.1,2.4,33.9,18.8,191,256,305,372,288,74.5,17.6,82.4,21.1,110034,0.17,18788,17.1,65340,59.4,25906,23.5,1018,1326,-308,5284,4552,732,440,204,236,79.7,83.4,19.1,21.5
E07000113,Swale,E12000008,South East,73.6,12.8,30.2,144,106,291,47.6,57.3,29.4,4,39.6,17,320,145,137,289,315,63.6,14.9,85.1,19.5,142417,0.23,28290,19.9,87284,61.3,26843,18.8,1687,1343,344,5913,5363,550,914,203,711,78.9,83.1,18.3,21
E07000114,Thanet,E12000008,South East,71.9,9.7,33.2,238,38,196,41.5,65.6,27.8,4,41.3,13.7,160,201,137,212,357,56.3,22,78,21.1,139772,0.22,26218,18.8,81635,58.4,31919,22.8,1594,1720,-126,5970,4976,994,897,407,490,78.2,82.6,18.1,20.7
E07000115,Tonbridge and Malling,E12000008,South East,81.3,8.3,26.7,281,209,254,65.4,65.6,24.7,3.8,44.8,26.1,160,301,164,73,152,44.9,10.7,89.3,30.2,125713,0.2,25516,20.3,76704,61,23493,18.7,1384,976,408,7624,7034,590,519,218,301,81.2,85.4,19.7,22.9
E07000116,Tunbridge Wells,E12000008,South East,73.2,4.9,27.5,358,187,131,59.5,80.7,30.1,1.7,42.8,34.5,7,124,348,146,63,36.3,11.5,88.5,29.8,116241,0.18,23366,20.1,71080,61.1,21795,18.7,1234,1041,193,6371,6686,-315,772,401,371,81.8,84.8,20,22.5
E07000117,Burnley,E12000002,North West,71.5,12.3,30.6,160,95,137,34.5,62.9,22.5,3.5,44.3,13.7,221,345,197,97,357,64.2,19.1,80.9,16.9,87371,0.14,17600,20.1,53938,61.7,15833,18.1,1135,952,183,3311,3538,-227,294,167,127,76.1,80.1,17,19
E07000118,Chorley,E12000002,North West,80.8,8.4,33.6,280,36,109,37.4,69.9,29.4,2.5,43.1,24.6,77,145,295,135,177,43.7,19.4,80.6,24.3,112969,0.18,20659,18.3,70728,62.6,21582,19.1,1236,1045,191,5441,4485,956,281,176,105,79,82.4,18.3,20.4
E07000119,Fylde,E12000002,North West,78.7,11.6,26.1,173,229,40,38.9,74.5,27.6,2.1,44.1,29.9,21,208,334,105,105,40.8,14.3,85.7,23.1,77322,0.12,12181,15.8,44693,57.8,20448,26.4,619,1056,-437,4622,3902,720,246,241,5,79.7,82.6,18.7,20.7
E07000120,Hyndburn,E12000002,North West,72.6,20.2,28,14,169,139,28.3,60.5,24.7,2.8,38.6,14.8,270,301,271,313,344,79.1,15.9,84.1,17.7,80228,0.13,16468,20.5,49412,61.6,14348,17.9,1093,865,228,3000,3343,-343,238,104,134,76.5,81.1,17.2,19.7
E07000121,Lancaster,E12000002,North West,70.6,9.5,20.5,244,339,153,64.7,61.4,36.4,3.2,40.4,30.5,252,34,227,257,96,45.7,19.4,80.6,34.6,142283,0.22,23646,16.6,90959,63.9,27678,19.5,1496,1540,-44,7380,8182,-802,2203,536,1667,78.1,81.9,18.1,20.2
E07000122,Pendle,E12000002,North West,74.1,22.1,29,6,139,168,27.5,56.7,27.4,2.8,49.3,13.6,332,214,271,9,360,62.6,12.2,87.8,15,90111,0.14,18788,20.8,55179,61.2,16144,17.9,1281,884,397,2949,3522,-573,583,139,444,77.8,81.9,18.2,20.5
E07000123,Preston,E12000002,North West,69,16.5,30.2,44,106,105,22.4,65.5,21.6,3.5,41.4,21.4,168,359,197,206,243,61.9,30,70,20.9,141302,0.22,27652,19.6,93143,65.9,20507,14.5,1908,1236,672,8473,9009,-536,1456,778,678,77.4,81.3,17.4,19.9
E07000124,Ribble Valley,E12000002,North West,85.8,8.1,22.8,290,307,37,55.8,72.7,23.9,2,43.1,21.7,38,321,341,135,235,56.5,12.2,87.8,32.6,58480,0.09,10240,17.5,34901,59.7,13339,22.8,457,593,-136,3067,2595,472,155,105,50,81.2,83.2,19.2,21.7
E07000125,Rossendale,E12000002,North West,72.9,15.3,34.7,65,21,128,18.8,65.6,32.7,2.6,39.4,34.5,160,72,285,294,63,46.1,12.1,87.9,27.5,69487,0.11,13638,19.6,43588,62.7,12261,17.6,808,709,99,3131,2966,165,118,75,43,77.7,82.4,17.6,20
E07000126,South Ribble,E12000002,North West,78.4,9.9,34.3,231,28,17,24.3,55.5,25.2,2.1,46.2,19.6,348,290,334,34,275,67.6,12.7,87.3,21.2,109651,0.17,19888,18.1,67478,61.5,22285,20.3,1195,1001,194,4996,4669,327,227,191,36,80.2,83.3,19.5,21.3
E07000127,West Lancashire,E12000002,North West,67.5,11.6,23.5,173,294,164,55.5,61,28,2.1,45.6,22.8,262,193,334,46,217,55.5,15.4,84.6,18.8,112742,0.18,19516,17.3,69416,61.6,23810,21.1,1080,1074,6,5812,5374,438,570,212,358,79.6,82.8,18.4,20.7
E07000128,Wyre,E12000002,North West,70.5,11.2,28.2,188,164,198,48.4,62.5,30.3,2.8,37.7,20.6,228,118,271,336,251,63.5,14.4,85.6,24.9,109745,0.17,17413,15.9,63130,57.5,29202,26.6,993,1398,-405,6270,5051,1219,288,109,179,78.7,82.2,18.4,21
E07000129,Blaby,E12000004,East Midlands,77,19.9,30,15,111,107,20.5,61.1,25.8,3.9,42.9,26.5,258,269,152,141,144,50.9,15.9,84.1,28.2,96544,0.15,17862,18.5,59300,61.4,19382,20.1,1050,817,233,5322,4933,389,231,95,136,80.6,84.7,19.6,22.4
E07000130,Charnwood,E12000004,East Midlands,71.8,15.9,23.4,52,297,289,56.1,55.9,32.2,3.8,42.4,26.2,344,79,164,165,150,47.6,11.4,88.6,28.9,176720,0.28,29627,16.8,115873,65.6,31220,17.7,1870,1434,436,11298,10005,1293,1744,302,1442,80.6,83.4,19.3,21.4
E07000131,Harborough,E12000004,East Midlands,76.2,8.7,26.5,273,216,204,60.9,59.3,27.6,1,43.1,24.1,287,208,369,135,190,62.7,8.9,91.1,30.1,89284,0.14,16567,18.6,54167,60.7,18550,20.8,873,832,41,5200,4121,1079,221,76,145,80.8,84.5,19.2,22.1
E07000132,Hinckley and Bosworth,E12000004,East Midlands,80.6,22,27.1,7,198,353,49.1,56.9,16.2,3.7,44.7,20.9,329,378,175,78,248,63.7,10.5,89.5,31.5,108769,0.17,19146,17.6,66807,61.4,22816,21,1121,979,142,5285,4459,826,274,197,77,80.4,84.7,19.1,22.2
E07000133,Melton,E12000004,East Midlands,78.4,12,34,165,30,363,49.1,50.7,29.8,2.6,49.7,16.2,375,133,285,6,333,59.7,10.7,89.3,18.1,50912,0.08,8989,17.7,31235,61.4,10688,21,500,461,39,2182,2303,-121,145,120,25,80.9,83.4,19.8,21.9
E07000134,North West Leicestershire,E12000004,East Midlands,81.5,15,28.3,69,161,373,53,54.1,29,2.3,44.6,26.3,363,153,316,84,148,56.1,8.3,91.7,28.1,97247,0.15,17778,18.3,60520,62.2,18949,19.5,981,873,108,5018,3923,1095,225,66,159,79.2,83.3,18.5,21.2
E07000135,Oadby and Wigston,E12000004,East Midlands,74.2,15.7,24,56,282,276,54,55.1,33.1,4.4,38.3,23.2,355,69,107,322,207,55.9,18,82,33.8,55833,0.09,9674,17.3,34331,61.5,11828,21.2,549,601,-52,4591,4774,-183,268,135,133,80.6,84.5,19,21.9
E07000136,Boston,E12000004,East Midlands,68.7,9.1,38.7,259,2,132,34.6,66.5,19.2,3.1,45.1,11.4,142,373,235,63,375,62.7,20.2,79.8,14.8,66902,0.11,12275,18.3,40705,60.8,13922,20.8,847,760,87,2132,3092,-960,1609,245,1364,78.7,82.7,18.4,20.6
E07000137,East Lindsey,E12000004,East Midlands,67.7,10.7,35,200,17,352,50,66.9,27.2,0.8,37.9,13,132,222,372,334,368,75.4,13.6,86.4,17.3,137887,0.22,20876,15.1,77204,56,39807,28.9,1203,1864,-661,7092,6380,712,394,203,191,78.9,82.3,18.6,20.5
E07000138,Lincoln,E12000004,East Midlands,74.1,13.3,32.1,123,61,203,34,67.4,23.6,4.8,37.1,17.9,119,327,86,347,302,62.3,23.1,76.9,14.1,97065,0.15,16177,16.7,66383,68.4,14505,14.9,1274,896,378,8233,8417,-184,1104,329,775,78.2,82,17.7,20.1
E07000139,North Kesteven,E12000004,East Midlands,78.4,13.9,33.2,99,38,311,39.4,55.7,26.6,2.2,48.4,19.7,346,236,325,13,270,62.8,17,83,27,111876,0.18,19409,17.3,66684,59.6,25783,23,1104,1094,10,6222,5556,666,261,239,22,81.5,83.9,19.6,21.8
E07000140,South Holland,E12000004,East Midlands,75.2,5.1,34.5,354,24,288,58.6,54.3,18.6,6.7,41,15.4,361,374,33,226,339,70.3,8.3,91.7,19.1,91214,0.14,15360,16.8,53925,59.1,21929,24,945,1091,-146,3758,3606,152,959,181,778,79.7,83.1,18.9,21.2
E07000141,South Kesteven,E12000004,East Midlands,76.1,11.6,29.2,173,134,366,59.2,62.9,27.9,3.5,45.5,25.8,221,198,197,48,155,43.2,11.7,88.3,29,138909,0.22,25274,18.2,83618,60.2,30017,21.6,1473,1363,110,6912,6338,574,614,408,206,80.2,84,19.2,21.7
E07000142,West Lindsey,E12000004,East Midlands,78.4,14.7,29.3,79,131,283,43.4,54.8,23,3.3,41.2,18.9,358,334,219,218,284,74.6,15.9,84.1,25.8,92812,0.15,15840,17.1,55264,59.5,21708,23.4,865,926,-61,5574,4578,996,220,146,74,79.7,83.6,19.4,21.4
E07000143,Breckland,E12000006,East of England,76.9,11.9,33.1,168,40,228,38.3,58.7,22.6,2.6,40.1,16.4,295,344,285,267,327,80.1,9.5,90.5,19.1,135480,0.21,23442,17.3,79588,58.7,32450,24,1414,1647,-233,6926,6010,916,1000,316,684,80.4,83.2,19.5,21.1
E07000144,Broadland,E12000006,East of England,78.9,9.8,29.3,232,131,94,40.2,67.1,26,2.4,43.3,18.3,127,262,305,129,294,58.9,13.9,86.1,25.5,126628,0.2,20568,16.2,74418,58.8,31642,25,1125,1500,-375,6572,5643,929,235,121,114,80.7,84.6,19.5,22
E07000145,Great Yarmouth,E12000006,East of England,66.6,10.1,19.2,224,349,145,63.1,70.2,34.1,2.6,40.3,9.3,67,56,285,261,379,55.3,18.6,81.4,21.6,98667,0.16,17362,17.6,58386,59.2,22919,23.2,1058,1150,-92,3600,3550,50,670,141,529,78,82.1,18,20.8
E07000146,King's Lynn and West Norfolk,E12000006,East of England,76.3,12.3,26.1,160,229,201,51.9,63.2,26.4,2.8,40.7,16.6,217,244,271,239,322,68.2,19.6,80.4,20.7,151013,0.24,25854,17.1,87251,57.8,37908,25.1,1644,1654,-10,6110,5398,712,887,478,409,79.8,83.9,19.4,21.8
E07000147,North Norfolk,E12000006,East of England,71,9.2,31.6,255,72,226,48.6,63.6,24.1,0.8,37.7,11.1,212,318,372,336,376,85.2,10.7,89.3,10.8,103308,0.16,14465,14,56140,54.3,32703,31.7,791,1441,-650,4926,4233,693,517,134,383,80.3,84.6,19.6,22.3
E07000148,Norwich,E12000006,East of England,74.2,10.2,32.3,220,55,205,42.2,65.6,28.1,2.5,39.7,32.9,160,187,295,287,76,53,14.5,85.5,23.8,138872,0.22,23487,16.9,94917,68.3,20468,14.7,1707,1136,571,10455,11692,-1237,2656,630,2026,79.9,83.4,19.7,22.1
E07000149,South Norfolk,E12000006,East of England,79.1,8.2,29.7,284,121,21,37.5,72.2,28.8,2.5,39.5,24.4,47,161,295,292,180,51.5,26.9,73.1,25.7,131010,0.21,23460,17.9,76530,58.4,31020,23.7,1334,1346,-12,8047,6384,1663,351,224,127,81.7,84.7,20.3,22.6
E07000150,Corby,E12000004,East Midlands,74.7,15.4,28.6,63,152,234,39.5,51.9,26.5,9.6,46.2,13.7,372,240,9,34,357,53.4,10.2,89.8,23.5,66854,0.11,14522,21.7,42957,64.3,9375,14,973,536,437,2712,2314,398,772,179,593,76.7,81,17.6,19.7
E07000151,Daventry,E12000004,East Midlands,80.4,11.1,21.3,192,332,334,75.5,59.1,25.6,3.6,41.5,25,291,276,189,202,169,59.5,7,93,32.7,80014,0.13,14639,18.3,49464,61.8,15911,19.9,713,689,24,4587,3990,597,348,120,228,80.3,82.7,19,20.8
E07000152,East Northamptonshire,E12000004,East Midlands,77.3,10.4,22.5,215,312,365,78.5,58.6,24.8,4,39.8,17.5,299,297,137,282,307,69.8,8.1,91.9,21.9,89746,0.14,17094,19,54907,61.2,17745,19.8,880,888,-8,4993,4195,798,306,259,47,79.8,84.1,19.2,21.3
E07000153,Kettering,E12000004,East Midlands,80,10.7,32.8,200,46,99,30.3,66.7,27.4,5.1,41.2,21.4,137,214,74,218,243,46.8,20.8,79.2,22.7,97650,0.15,19889,20.4,60162,61.6,17599,18,1231,904,327,4366,4347,19,536,181,355,79.6,83.5,18.4,21
E07000154,Northampton,E12000004,East Midlands,80.2,11.5,25.7,178,241,328,65.7,65.6,30.2,9.6,43.5,22.4,160,120,9,123,224,33.6,15.3,84.7,26.2,222462,0.35,46386,20.9,143648,64.6,32428,14.6,3285,1785,1500,10077,11032,-955,3078,675,2403,78.3,82.3,18.2,20.5
E07000155,South Northamptonshire,E12000004,East Midlands,78.3,7.2,34.8,310,18,369,61.3,58.1,24.3,3.3,47,30.9,306,312,219,25,91,50.3,9.6,90.4,29.3,89116,0.14,17059,19.1,54360,61,17697,19.9,876,745,131,5603,4874,729,289,168,121,82,84.7,20.3,22.4
E07000156,Wellingborough,E12000004,East Midlands,78.6,13.9,20.3,99,341,358,70.2,58.7,24.9,4.3,44.7,16.2,295,294,116,78,333,58.9,9.4,90.6,25.5,77184,0.12,15760,20.4,46985,60.9,14439,18.7,945,657,288,3717,3721,-4,636,182,454,80.1,83.3,19.3,21.9
E07000163,Craven,E12000003,Yorkshire and The Humber,77.5,7.1,23.9,312,285,217,71.6,69.4,30.9,2.1,39.2,33.4,85,107,334,299,74,47.4,9.7,90.3,36.6,55801,0.09,9006,16.1,32470,58.2,14325,25.7,447,639,-192,2789,2578,211,195,116,79,81,84.6,20,22
E07000164,Hambleton,E12000003,Yorkshire and The Humber,83.5,15.8,28.5,53,155,54,23,57.2,24.6,3,41.1,22.6,322,303,252,222,221,69.7,22,78,23.5,90035,0.14,14753,16.4,53136,59,22146,24.6,758,881,-123,4093,3860,233,281,171,110,81.3,85.2,20,22.5
E07000165,Harrogate,E12000003,Yorkshire and The Humber,79.2,6.5,23.9,328,285,294,79.8,71,26.7,3.1,46.1,30.1,59,231,235,40,103,35.3,14.6,85.4,33.1,157016,0.25,28244,18,93623,59.6,35149,22.4,1437,1656,-219,6755,6477,278,828,1133,-305,81.1,84.3,19.5,22
E07000166,Richmondshire,E12000003,Yorkshire and The Humber,84.8,8.9,18.5,266,354,127,65.7,64.9,21.7,1.3,42.1,19.9,184,357,362,177,266,71,16.9,83.1,16,52510,0.08,9110,17.3,32975,62.8,10425,19.9,523,486,37,2933,2889,44,293,237,56,81.4,83.5,19.4,21.1
E07000167,Ryedale,E12000003,Yorkshire and The Humber,79.2,15,23.8,69,289,214,50.3,52.8,29.1,1.3,36.9,25.3,370,151,362,352,161,73.7,12.9,87.1,20.4,53052,0.08,8350,15.7,30953,58.3,13749,25.9,469,562,-93,2789,2290,499,209,209,0,80,83.4,19.4,22
E07000168,Scarborough,E12000003,Yorkshire and The Humber,79.7,9.2,31,255,86,144,42.7,67.3,21.8,1.1,34.3,24.1,122,356,366,369,190,74,20.4,79.6,22.7,107902,0.17,17089,15.8,62939,58.3,27874,25.8,1039,1403,-364,4358,4233,125,417,299,118,78.2,83,18.5,21.1
E07000169,Selby,E12000003,Yorkshire and The Humber,79.9,15.6,27.2,59,194,192,39.1,51,28.8,3.9,40.3,23,373,161,152,261,211,61.1,10.9,89.1,35.3,85961,0.14,15718,18.3,53536,62.3,16707,19.4,942,732,210,4263,4029,234,325,173,152,79.7,83.7,18.5,21.1
E07000170,Ashfield,E12000004,East Midlands,73.4,19.8,33,16,44,108,14.8,57.1,23.8,3.7,40.4,16.6,324,326,175,257,322,74.1,21.8,78.2,23.9,123574,0.2,23249,18.8,77346,62.6,22979,18.6,1425,1312,113,5829,5035,794,276,134,142,78,82,17.7,20.1
E07000171,Bassetlaw,E12000004,East Midlands,67.3,14.9,30.8,74,90,238,35.4,56.3,25.8,3.7,41.4,16.5,339,269,175,206,326,69.4,18.8,81.2,23.1,114533,0.18,19947,17.4,70597,61.6,23989,20.9,1197,1259,-62,4194,3942,252,452,204,248,78.8,82.2,18.2,20.4
E07000172,Broxtowe,E12000004,East Midlands,74.5,15.2,26.3,66,226,282,50.5,57.3,22.9,3.8,44.7,25.6,320,341,164,78,156,55.9,13.4,86.6,30.3,112253,0.18,19145,17.1,70399,62.7,22709,20.2,1210,1178,32,7177,7191,-14,746,273,473,80.5,83.7,19.2,21.1
E07000173,Gedling,E12000004,East Midlands,71.1,18.7,28.8,22,145,176,30.2,56.7,32,3.9,35.2,28.4,332,84,152,364,121,55.6,20.5,79.5,28.2,115889,0.18,20634,17.8,71794,62,23461,20.2,1260,1216,44,6115,5878,237,225,255,-30,80.1,83.3,18.6,21.1
E07000174,Mansfield,E12000004,East Midlands,80.2,14.7,27.9,79,172,195,39.2,64.4,17.4,3.8,40.9,13.6,198,377,164,230,360,70.1,18,82.1,13.5,106556,0.17,19479,18.3,67293,63.2,19784,18.6,1311,1123,188,4446,4441,5,687,211,476,78.1,81.8,18.2,20.1
E07000175,Newark and Sherwood,E12000004,East Midlands,69.2,12,31.8,165,69,240,41.7,63.5,21,3.1,40.4,16.3,213,362,235,257,328,73.6,12.9,87.1,15.4,118569,0.19,21179,17.9,72284,61,25106,21.2,1225,1247,-22,5893,5374,519,491,248,243,79.8,82.9,18.9,20.8
E07000176,Rushcliffe,E12000004,East Midlands,78.8,14.6,18.3,82,357,90,46.5,59.9,40,7.5,41.7,40.7,277,13,24,190,29,28.1,20.5,79.5,44.3,114474,0.18,20887,18.2,70234,61.4,23353,20.4,1051,1053,-2,7185,6535,650,362,218,144,81.5,85.1,19.6,22.5
E07000177,Cherwell,E12000008,South East,77.2,13.5,34.4,112,25,336,41.6,65.8,22,3,45.3,28.5,154,355,252,52,120,49.2,13,87,32.7,145550,0.23,28720,19.7,91642,63,25188,17.3,1803,1220,583,7273,7518,-245,1089,663,426,80.2,83.3,19.1,21.1
E07000178,Oxford,E12000008,South East,79.4,3.2,20.2,376,342,66,69,58.8,43,4.2,48.6,57.8,294,6,127,11,7,23.5,19.1,80.9,49,159574,0.25,27076,17,114323,71.6,18175,11.4,1839,942,897,14093,17168,-3075,6016,2261,3755,79.9,83.8,19.3,21.8
E07000179,South Oxfordshire,E12000008,South East,86.3,7.1,16.9,312,367,356,91,71.5,41.4,3.2,44,45.4,55,9,227,109,19,22.1,12.1,87.9,40.3,137412,0.22,26203,19.1,83338,60.6,27871,20.3,1548,1226,322,8074,7856,218,765,828,-63,81.7,84.7,19.8,21.9
E07000180,Vale of White Horse,E12000008,South East,76.4,7,16.5,318,368,360,92,71.3,37,3,42.7,39.4,56,29,252,152,36,27.7,13.7,86.3,45.3,126663,0.2,24109,19,77571,61.2,24983,19.7,1436,1086,350,8024,7039,985,865,440,425,81.6,84.6,19.7,22.1
E07000181,West Oxfordshire,E12000008,South East,84.3,13.1,26.9,133,203,333,58.8,61.5,38.1,2.7,46.7,34.5,248,21,279,31,63,33.9,10.3,89.7,28.2,108611,0.17,20160,18.6,66269,61,22182,20.4,1202,988,214,5013,5085,-72,489,306,183,81.5,83.9,19.4,21.4
E07000187,Mendip,E12000009,South West,75.8,8.2,25.5,284,246,299,72.9,63.1,36,3.5,43.5,25.9,219,43,197,123,154,38.8,9.5,90.5,31,111724,0.18,20115,18,66987,60,24622,22,1159,1166,-7,6275,5521,754,516,387,129,80.5,84.6,19.3,22.2
E07000188,Sedgemoor,E12000009,South West,77.9,12.9,25.5,140,246,252,56.1,55.1,22.5,1.7,42.3,16.7,355,345,348,168,320,81.1,15.9,84.1,21.5,120260,0.19,21577,17.9,71674,59.6,27009,22.5,1299,1249,50,5670,4893,777,611,251,360,80.3,84.1,19.6,22.1
E07000189,South Somerset,E12000009,South West,80.6,11.3,27.6,186,182,318,60.3,65.7,32.5,2.5,41.6,24.4,157,75,295,194,180,47.5,14,86,23,164982,0.26,28932,17.5,96193,58.3,39857,24.2,1645,1771,-126,7573,7193,380,696,648,48,81.3,84.6,19.9,22.5
E07000190,Taunton Deane,E12000009,South West,77,11.7,25.2,169,254,124,48.1,68.3,27.1,2.1,43.5,30.2,103,225,334,123,101,46.8,24.5,75.5,28.8,114021,0.18,20502,18,68318,59.9,25201,22.1,1209,1340,-131,6094,4998,1096,592,417,175,80.2,83.6,19.2,21.4
E07000191,West Somerset,E12000009,South West,81.1,11.2,27.7,188,177,78,39,66.1,16.1,1,35.9,19.6,149,379,369,360,275,80.8,14.2,85.8,18.5,34403,0.05,4671,13.6,18489,53.7,11243,32.7,243,499,-256,2112,1815,297,158,116,42,80.3,85.5,19.5,23.3
E07000192,Cannock Chase,E12000005,West Midlands,76.2,12.6,33.9,149,32,325,44.5,59.9,26.1,3.3,42.7,17.2,277,256,219,152,310,64.1,11.8,88.2,23.1,98535,0.16,17805,18.1,62769,63.7,17961,18.2,1075,937,138,3350,3623,-273,155,50,105,79.3,83.1,18.4,20.8
E07000193,East Staffordshire,E12000005,West Midlands,76.6,10.8,32.6,198,49,312,49.2,62.5,20.3,3.9,42.7,19.1,228,366,152,152,281,62.2,15.4,84.6,23,116040,0.18,22361,19.3,72205,62.2,21474,18.5,1434,1135,299,4245,4684,-439,777,291,486,79.3,82.8,18,21
E07000194,Lichfield,E12000005,West Midlands,80.3,10.7,22.7,200,310,278,69.3,65.6,33.5,3.2,44.8,25,160,66,227,73,169,36.7,11.4,88.6,32.1,102706,0.16,17403,16.9,61733,60.1,23570,22.9,937,1042,-105,4885,4549,336,311,107,204,80,83.6,18.6,20.9
E07000195,Newcastle-under-Lyme,E12000005,West Midlands,76,9.7,39.1,238,1,301,47.5,57.6,26.3,3.5,36.1,19,316,246,197,358,283,73.9,10.6,89.4,19.4,127045,0.2,20992,16.5,80794,63.6,25259,19.9,1267,1334,-67,6768,6301,467,832,220,612,78.6,82.9,18.2,20.6
E07000196,South Staffordshire,E12000005,West Midlands,75.3,13.1,30,133,111,185,37.7,59.2,32.1,2.9,38.7,24.8,290,82,264,309,174,59.1,11.7,88.3,25.6,110726,0.18,17204,15.5,67649,61.1,25873,23.4,920,1177,-257,5250,4922,328,138,83,55,80.5,83.4,18.8,21.4
E07000197,Stafford,E12000005,West Midlands,74.9,20.7,18.4,11,356,123,43.1,56.8,29.4,3,47.7,27.4,331,145,252,19,131,46.3,23.4,76.6,37.3,132488,0.21,22105,16.7,81822,61.8,28561,21.6,1196,1351,-155,5418,5454,-36,701,340,361,80.2,83.6,19.5,21.3
E07000198,Staffordshire Moorlands,E12000005,West Midlands,80.8,13.2,27.4,127,189,120,38.3,54.8,21.4,3.1,44.6,13.6,358,361,235,84,360,73.8,13.6,86.4,14.6,97881,0.15,15888,16.2,58606,59.9,23387,23.9,816,1124,-308,3868,3457,411,131,141,-10,80.1,83.1,18.9,20.8
E07000199,Tamworth,E12000005,West Midlands,78.1,14.1,25,93,261,165,45.6,65.4,27.5,3.2,44.5,17.7,172,211,227,88,304,52.9,9.3,90.7,28.1,77141,0.12,15036,19.5,48779,63.2,13326,17.3,915,634,281,2594,2967,-373,191,66,125,79.3,82.7,18.4,20.7
E07000200,Babergh,E12000006,East of England,73.6,14.5,33,85,44,225,31.1,61.1,26.9,2,45.3,18.3,258,228,341,52,294,61.9,9.6,90.4,21,89215,0.14,15539,17.4,51313,57.5,22363,25.1,763,1011,-248,4982,4392,590,295,283,12,82.1,84.6,20.2,22.1
E07000201,Forest Heath,E12000006,East of England,75.7,13.9,21.6,99,326,242,58.7,62.7,22.7,2.8,46.8,20.5,225,343,271,29,253,59.2,10,90,17.5,63691,0.1,12810,20.1,39684,62.3,11197,17.6,976,542,434,3641,3014,627,493,647,-154,80.1,84.1,18.8,21.9
E07000202,Ipswich,E12000006,East of England,73.2,10.8,24,198,282,169,57.1,67.8,27.4,4.2,41.4,17.3,115,214,127,206,309,51.2,21.6,78.4,21.6,135600,0.21,27130,20,86745,64,21725,16,1925,1262,663,6159,6471,-312,1161,879,282,79.3,83.5,18.7,21.4
E07000203,Mid Suffolk,E12000006,East of England,79.7,10.2,26.6,220,213,197,55.4,55.5,25.9,1.4,46.2,22.3,348,265,359,34,225,65,9.9,90.1,17.7,99632,0.16,17333,17.4,59141,59.4,23158,23.2,868,973,-105,5534,4954,580,237,269,-32,81.7,84.5,19.8,22.3
E07000204,St Edmundsbury,E12000006,East of England,82,10.5,27.7,211,177,30,36.8,68.4,28.6,2.3,45.3,22.3,102,168,316,52,225,45.5,16.9,83.1,23.2,112523,0.18,20172,17.9,68083,60.5,24268,21.6,1161,1058,103,5451,5242,209,503,474,29,81.7,84.4,19.8,22.2
E07000205,Suffolk Coastal,E12000006,East of England,76.5,9.1,17.1,259,364,265,78.1,58.5,30,2.6,40.5,26.9,301,126,285,248,136,57.8,10.6,89.4,35.5,125052,0.2,21064,16.8,70846,56.7,33142,26.5,1022,1475,-453,6083,5234,849,434,549,-115,81.1,84.9,20.2,22.3
E07000206,Waveney,E12000006,East of England,75.4,13.2,26.5,127,216,235,50.8,59.9,26.3,2.4,38,13,277,246,305,332,368,80.6,13,87,15.5,116182,0.18,19982,17.2,65695,56.5,30505,26.3,1165,1501,-336,4470,3966,504,284,209,75,79.5,83.3,19.5,21.5
E07000207,Elmbridge,E12000008,South East,75,4.2,17.6,366,362,367,96.3,74.1,33.8,4.8,42.9,50.2,25,61,86,141,13,17.2,5.7,94.3,48.1,132670,0.21,29834,22.5,79112,59.6,23724,17.9,1734,1113,621,7826,8264,-438,1082,1372,-290,81.9,85.3,20.2,22.5
E07000208,Epsom and Ewell,E12000008,South East,80.2,2.5,17.9,378,360,280,89.5,72.6,35.6,5.2,42.1,31.2,40,46,68,177,88,22.1,17.1,82.9,50.3,78950,0.12,15704,19.9,49169,62.3,14077,17.8,942,622,320,5140,5141,-1,497,186,311,81.7,85.7,20.1,22.7
E07000209,Guildford,E12000008,South East,70,8.2,21.9,284,318,321,81.2,69,39.7,3.1,44.4,38.6,91,14,235,94,43,25.2,15.8,84.2,38.5,146080,0.23,26089,17.9,96172,65.8,23819,16.3,1466,1044,422,10712,10783,-71,3268,1183,2085,82.6,84.7,20.5,22.4
E07000210,Mole Valley,E12000008,South East,77.6,6.6,26.1,327,229,286,74.1,76.2,32,2.3,44.2,38.2,17,84,316,100,45,29.7,7.8,92.2,26.8,86104,0.14,15718,18.3,50768,59,19618,22.8,817,885,-68,4804,4778,26,403,504,-101,82.4,85,20.4,22.3
E07000211,Reigate and Banstead,E12000008,South East,78.3,6.8,24.5,322,272,249,74.1,74.4,25.9,4.3,39.2,36.2,22,265,116,299,57,40.1,15.3,84.7,36.3,144100,0.23,28901,20.1,89439,62.1,25760,17.9,1835,1470,365,8183,7944,239,793,428,365,81.2,84.4,19.3,21.4
E07000212,Runnymede,E12000008,South East,73.7,12.5,30.8,154,90,157,35.3,66,24.8,3.2,41.6,29.3,151,297,227,194,109,51.6,12.7,87.3,24.9,85594,0.14,14674,17.1,56219,65.7,14701,17.2,982,708,274,6466,6422,44,1299,615,684,81.6,84.3,19.9,21.9
E07000213,Spelthorne,E12000008,South East,82.2,7.5,25.1,301,260,354,80.5,63.7,28.7,4.7,42.9,30.2,210,164,90,141,101,37.3,11.6,88.4,35.3,98469,0.16,18592,18.9,61773,62.7,18104,18.4,1276,919,357,5400,5520,-120,596,437,159,80.7,83.8,19.3,21.5
E07000214,Surrey Heath,E12000008,South East,74.5,6.3,25.2,331,254,80,58.5,79.9,36.3,3.6,43.1,30.9,8,37,189,135,91,24.3,16.5,83.5,34.6,88067,0.14,16924,19.2,54631,62,16512,18.7,936,768,168,5260,5146,114,464,348,116,81.4,83.9,20,21.2
E07000215,Tandridge,E12000008,South East,80.4,4.9,25.8,358,239,338,82.2,65.4,29.8,4.3,41.1,37.3,172,133,116,222,52,36.7,10.1,89.9,34.7,86025,0.14,16246,18.9,52405,60.9,17374,20.2,919,818,101,5439,5099,340,330,134,196,80.7,83.7,19.6,21.2
E07000216,Waverley,E12000008,South East,74.9,4,28.1,368,168,348,77.7,71.7,34.3,2.7,44.8,36.6,52,54,279,73,53,27,6.5,93.5,37.2,123315,0.19,24520,19.9,72201,58.6,26594,21.6,1245,1228,17,7817,7528,289,738,585,153,82.3,85.1,20.8,22.9
E07000217,Woking,E12000008,South East,79,6.1,21.4,337,331,335,88.2,74,35.6,4.7,46.4,36.4,26,46,90,32,55,13.1,9.7,90.3,33.8,99435,0.16,21101,21.2,61886,62.2,16448,16.5,1368,763,605,5557,6098,-541,860,923,-63,81.6,84.2,20.1,21.8
E07000218,North Warwickshire,E12000005,West Midlands,78.6,10.9,24.6,196,270,323,69.4,53,20.9,3.3,47.1,13.8,369,363,219,23,355,70.1,6.2,93.8,15.9,62787,0.1,10792,17.2,38813,61.8,13182,21,603,688,-85,3264,2927,337,115,39,76,79.3,82.6,18.2,20.7
E07000219,Nuneaton and Bedworth,E12000005,West Midlands,69.4,10.5,24.1,211,278,218,62.2,64.2,23.4,3.8,40.7,19.6,200,331,164,239,275,63.8,19.7,80.3,20.9,126319,0.2,24153,19.1,78523,62.2,23643,18.7,1525,1311,214,4642,4729,-87,357,374,-17,78.4,82.7,17.8,20.6
E07000220,Rugby,E12000005,West Midlands,84.1,10.7,20.4,200,340,317,75.4,57.4,25.3,6.2,44.4,31.2,317,287,46,94,88,43.9,11.8,88.2,36.5,103443,0.16,20422,19.7,63467,61.4,19554,18.9,1217,974,243,4498,4122,376,929,692,237,80.5,84.1,19.3,21.6
E07000221,Stratford-on-Avon,E12000005,West Midlands,81.7,6.5,19.6,328,348,151,72.7,74,37.1,3.5,41.2,35.9,26,28,197,218,60,27.9,8,92,36.1,121522,0.19,20240,16.7,70704,58.2,30578,25.2,1075,1421,-346,6399,5755,644,772,591,181,81.2,84.7,20.2,22.4
E07000222,Warwick,E12000005,West Midlands,80.5,14.5,25.7,85,241,200,46.3,66.6,29.9,5.7,46.9,46.1,140,129,57,27,17,19.5,16.5,83.5,41,139931,0.22,24229,17.3,90226,64.5,25476,18.2,1531,1130,401,7637,7941,-304,1255,790,465,80.9,84.5,19.7,22.4
E07000223,Adur,E12000008,South East,77.1,13.3,27.5,123,187,284,52.2,64.9,36.4,3.7,45.2,14.5,184,34,175,56,349,42.1,12.1,87.9,20.2,63429,0.1,11371,17.9,37356,58.9,14702,23.2,712,737,-25,3609,3428,181,204,110,94,80.2,83.6,19.2,21.4
E07000224,Arun,E12000008,South East,73.6,9.6,25.6,242,244,268,66.3,70.5,25.9,2.4,40,17,65,265,305,271,315,64.4,11.7,88.3,21.3,155732,0.25,24681,15.8,87055,55.9,43996,28.3,1526,2245,-719,7519,6037,1482,1052,510,542,79.8,83.8,19.4,21.9
E07000225,Chichester,E12000008,South East,81,9.4,25.9,247,236,243,63.9,68.3,38.8,2.4,38.3,32.4,103,18,305,322,79,43.6,17.9,82.1,33.5,116976,0.18,19135,16.4,66772,57.1,31069,26.6,1098,1484,-386,7964,6791,1173,920,605,315,81.1,85,19.9,22.8
E07000226,Crawley,E12000008,South East,80.3,7.8,31.2,295,79,244,54.4,59,20.1,4.7,36.9,19.3,293,368,90,352,280,73,9.1,90.9,17.4,110864,0.18,23828,21.5,72439,65.3,14597,13.2,1625,707,918,4308,5081,-773,1353,524,829,80.8,83.9,19.4,21.7
E07000227,Horsham,E12000008,South East,81.6,8.3,26.4,281,223,233,64.8,69.9,34,4,45.1,34.3,77,58,137,63,68,21.3,8.7,91.3,34.2,135868,0.21,25028,18.4,81257,59.8,29583,21.8,1221,1376,-155,7478,5871,1607,593,334,259,81.4,84.5,19.9,22.4
E07000228,Mid Sussex,E12000008,South East,80.7,6.8,22.8,322,307,271,79.2,72.6,32.5,3.4,40.9,35.3,40,75,210,230,62,32.6,13.2,86.8,32.8,145651,0.23,28234,19.4,88437,60.7,28980,19.9,1531,1423,108,7744,6876,868,759,466,293,81.4,85,19.6,22.1
E07000229,Worthing,E12000008,South East,76,8.7,30.5,273,97,194,49.6,73.5,30.2,2.6,40.5,24.4,29,120,285,248,180,45.5,21.1,78.9,19.5,107736,0.17,19078,17.7,64684,60,23974,22.3,1169,1413,-244,5984,4981,1003,495,387,108,79.2,83.2,18.4,21.2
E07000234,Bromsgrove,E12000005,West Midlands,75.3,6.9,22.9,320,304,287,80.1,68.6,24.6,2.5,38.3,29.4,98,303,295,322,108,59.4,12.3,87.7,25.7,95768,0.15,16801,17.5,57780,60.3,21187,22.1,885,1109,-224,5190,4727,463,194,98,96,79.3,83.5,18.4,21
E07000235,Malvern Hills,E12000005,West Midlands,75,11.7,21.9,169,318,344,73.1,62.5,25.3,1.7,39.1,38.9,228,287,348,303,40,63.6,9.5,90.5,32.1,75731,0.12,12068,15.9,43087,56.9,20576,27.2,579,1028,-449,4201,4040,161,377,272,105,80.1,83.1,19.3,21.2
E07000236,Redditch,E12000005,West Midlands,71.7,20.4,37,12,6,266,25,61.5,26.1,3.7,45.2,18,248,256,175,56,299,54.6,14.8,85.2,22.6,84743,0.13,16731,19.7,53793,63.5,14219,16.8,1108,660,448,2827,3274,-447,501,228,273,78.8,83.2,18.6,21.3
E07000237,Worcester,E12000005,West Midlands,81.3,14.6,26.8,82,206,152,38.7,65.5,27.9,2.9,41.6,24.6,168,198,264,194,177,52.8,24.6,75.4,25.3,101328,0.16,18788,18.5,66095,65.2,16445,16.2,1280,840,440,5500,5860,-360,855,453,402,78.9,83.1,18.8,21.3
E07000238,Wychavon,E12000005,West Midlands,79.4,14.1,24.3,93,274,327,61,57.2,28.2,2.5,40.9,22.7,322,180,295,230,220,65.8,12.1,87.9,25.2,121520,0.19,20404,16.8,72061,59.3,29055,23.9,1064,1236,-172,6547,5140,1407,807,301,506,81.2,84.5,20,22.2
E07000239,Wyre Forest,E12000005,West Midlands,71.8,13.6,26.6,109,213,253,50.6,59.8,26.8,0.6,39.8,20.1,280,229,377,282,263,75.5,14.5,85.5,32,99503,0.16,16991,17.1,58801,59.1,23711,23.8,1038,1087,-49,3779,3228,551,177,137,40,79.4,83,18.7,21.2
E07000240,St Albans,E12000006,East of England,82,3,12.8,377,376,95,74.6,77.3,43.8,4.3,44,52.8,16,4,116,109,12,13.6,12.4,87.6,46.5,145797,0.23,32120,22,89547,61.4,24130,16.6,1853,1184,669,8210,8279,-69,841,490,351,82.9,85.1,20.8,22.6
E07000241,Welwyn Hatfield,E12000006,East of England,71.9,8.3,30.3,281,103,189,50.4,69.2,31.4,5,41.3,28.3,87,97,79,212,124,31.6,9.5,90.5,32.8,119016,0.19,21957,18.4,78550,66,18509,15.6,1370,1019,351,9266,8482,784,2280,424,1856,80,83.9,19.2,22.2
E07000242,East Hertfordshire,E12000006,East of England,86.3,8.2,18.1,284,359,221,76,68.5,26.7,4.5,43.6,32.3,99,231,104,118,81,33.4,11.2,88.8,31.1,144719,0.23,28497,19.7,91306,63.1,24916,17.2,1611,1092,519,8133,7582,551,832,198,634,81.4,85,19.8,22.2
E07000243,Stevenage,E12000006,East of England,80.6,12.6,35.1,149,15,141,26.8,69.8,25,6.8,40.2,16.3,79,292,31,266,328,52.6,23.4,76.6,20,86469,0.14,17632,20.4,55745,64.5,13092,15.1,1144,781,363,4227,4361,-134,397,161,236,79.1,82.3,18,20.5
E08000001,Bolton,E12000002,North West,70.5,12.4,29.2,158,134,180,41.5,64.8,27.9,3.8,42.8,20.5,187,198,164,146,253,50,18.3,81.7,23.8,281619,0.45,58986,20.9,175194,62.2,47439,16.8,3771,2642,1129,8631,9544,-913,1957,986,971,78,81.6,17.6,20.1
E08000002,Bury,E12000002,North West,71.5,12.5,28.8,154,145,68,32.3,68,28.7,4,42.7,26.4,109,164,137,152,146,37.4,21.7,78.3,25.6,187884,0.3,38059,20.3,116412,62,33413,17.8,2373,1817,556,7386,7741,-355,855,655,200,78,81.5,17.9,20
E08000003,Manchester,E12000002,North West,62.8,7.3,21.5,304,329,315,83.4,70.9,33.3,5.9,45,32.4,61,67,52,67,79,17.2,18.6,81.4,28.4,530292,0.84,106078,20,374440,70.6,49774,9.4,8050,3591,4459,37622,38578,-956,13946,7379,6567,75.8,79.9,15.9,18.8
E08000004,Oldham,E12000002,North West,64.8,13.7,27.2,106,194,106,35.7,61.7,25.6,3.1,35.8,18.3,245,276,235,361,294,74.5,21.2,78.8,22.7,230823,0.36,52136,22.6,142255,61.6,36432,15.8,3321,2180,1141,7019,7136,-117,1335,320,1015,77.4,80.7,17.5,19.5
E08000005,Rochdale,E12000002,North West,64.6,16.2,29,47,139,92,24.5,56.1,26.7,4.4,40.1,18,342,231,107,267,299,65.8,16.7,83.3,23,214195,0.34,45216,21.1,134646,62.9,34333,16,2911,2027,884,6896,7141,-245,1292,689,603,77.2,80.8,17.7,19.8
E08000006,Salford,E12000002,North West,69.7,11.5,28.4,178,158,199,47.1,69.6,24.2,5.6,45,23.1,80,314,59,67,209,38.5,20.4,79.6,22.6,245614,0.39,48525,19.8,161322,65.7,35767,14.6,3483,2248,1235,13216,12879,337,3289,1289,2000,76.7,80.7,17.2,19.2
E08000007,Stockport,E12000002,North West,77.6,12,26.4,165,223,191,50.9,70.4,30.2,3.3,39.9,28.1,66,120,219,278,128,42.8,14.6,85.4,33.2,288733,0.46,55183,19.1,177076,61.3,56474,19.6,3390,2850,540,11344,10174,1170,866,608,258,79.9,83,19.4,21.1
E08000008,Tameside,E12000002,North West,71,16.7,31.9,41,64,89,17.1,60.2,27.3,3.6,39.3,16.8,272,220,189,298,319,68.5,22.1,77.9,21,221692,0.35,43709,19.7,139640,63,38343,17.3,2905,2289,616,7017,7042,-25,721,420,301,77.3,80.6,17.3,19.1
E08000009,Trafford,E12000002,North West,78.9,8.1,22.9,290,304,322,80.6,71.1,36.3,4.5,44.7,39.3,58,37,104,78,37,16.6,8.4,91.6,39.2,233288,0.37,48371,20.7,145198,62.2,39719,17,2683,2083,600,10407,10621,-214,1155,717,438,79.9,83.7,19,21.7
E08000010,Wigan,E12000002,North West,77.1,12.6,30.9,149,88,98,29.5,60.2,25.5,4.7,41.7,18,272,283,90,190,299,59.8,20.7,79.3,19.4,322022,0.51,60196,18.7,202462,62.9,59364,18.4,3629,3124,505,7983,8184,-201,1012,491,521,77.7,81.3,17.4,19.7
E08000011,Knowsley,E12000002,North West,68.8,11,32.6,193,49,121,31.9,68.1,26.2,7.1,44.8,14.7,108,251,26,73,347,42.5,20.7,79.3,18,147231,0.23,28769,19.5,93818,63.7,24644,16.7,1999,1585,414,5918,5601,317,203,113,90,76.9,80.5,17.3,19.3
E08000012,Liverpool,E12000002,North West,60.5,9.3,27.1,253,198,247,61.4,68.3,28.4,5.8,39.9,23,103,173,56,278,211,43.3,24.5,75.5,26.9,478580,0.76,80830,16.9,327711,68.5,70039,14.6,5927,4458,1469,23523,23098,425,7585,3847,3738,76.4,80.5,17,19.5
E08000013,St. Helens,E12000002,North West,69.4,13,35.3,137,14,71,19.5,61.5,23.9,5.2,40.6,16.3,248,321,68,243,328,63.7,15.4,84.6,22.4,177612,0.28,32085,18.1,110143,62,35384,19.9,1967,1964,3,5158,4877,281,352,228,124,77.7,81.5,17.8,20.2
E08000014,Sefton,E12000002,North West,73.4,12.7,31.3,146,78,103,28.8,65.4,26.6,4.3,39.6,24.2,172,236,116,289,187,52.8,23.9,76.1,25.7,273707,0.43,46913,17.1,164985,60.3,61809,22.6,2748,3372,-624,8696,8097,599,838,655,183,78.1,82.3,18.4,20.9
E08000015,Wirral,E12000002,North West,69.7,10.2,28.9,220,142,149,44.9,67.2,27.8,4.6,38.3,23.5,123,201,99,322,199,49.8,25.9,74.1,29,320900,0.51,59789,18.6,194104,60.5,67007,20.9,3498,3675,-177,7654,7504,150,745,754,-9,78,82.2,18,20.4
E08000016,Barnsley,E12000003,Yorkshire and The Humber,72.8,13.5,32.2,112,57,116,25.1,58,20.5,4.3,43.3,14.8,312,365,116,129,344,66.8,21.5,78.5,17.4,239319,0.38,44065,18.4,150443,62.9,44811,18.7,2826,2448,378,6797,6401,396,987,300,687,78.4,81.8,18,20
E08000017,Doncaster,E12000003,Yorkshire and The Humber,70.3,15,31.8,69,69,159,26.1,59.3,21.7,8.6,42.5,13.4,287,357,12,159,363,62.2,24.7,75.3,18.1,304813,0.48,58044,19,190596,62.5,56173,18.4,3570,3149,421,7562,8319,-757,1499,621,878,77.5,81.6,17.7,20.1
E08000018,Rotherham,E12000003,Yorkshire and The Humber,72,18.4,31,23,86,82,16.8,56.6,23.5,5.2,41,18.1,335,329,68,226,297,66.2,21.7,78.3,22.3,260786,0.41,49996,19.2,161165,61.8,49625,19,2977,2825,152,7602,7529,73,815,336,479,78.1,81.3,18,20.1
E08000019,Sheffield,E12000003,Yorkshire and The Humber,70.2,13.2,27.7,127,177,246,48.4,63.7,31.7,2.8,40.6,28.3,210,92,271,243,124,49.6,20.4,79.6,28.5,569737,0.9,103346,18.1,374378,65.7,92013,16.2,6580,5014,1566,24559,25265,-706,7918,2761,5157,78.9,82.5,18.4,20.5
E08000021,Newcastle upon Tyne,E12000001,North East,65.1,13.5,23.3,112,299,142,48.6,65.5,31.3,3.7,41.6,28.3,168,100,175,194,124,40.2,25.2,74.8,25.8,292883,0.46,50678,17.3,200340,68.4,41865,14.3,3287,2676,611,19326,19811,-485,6137,3217,2920,77.9,81.9,17.8,20.1
E08000022,North Tyneside,E12000001,North East,75.9,13.2,29.6,127,122,237,42.7,67.1,28.2,4.7,41.1,23.6,127,180,90,222,198,43.1,17.1,82.9,23.1,202494,0.32,35938,17.7,127345,62.9,39211,19.4,2201,2310,-109,7163,7274,-111,515,527,-12,77.8,82.7,17.5,20.5
E08000023,South Tyneside,E12000001,North East,70,14.1,30.3,93,103,63,22.8,62.3,27.2,6.1,40.3,15.8,231,222,49,261,337,58,25.4,74.6,20.2,148671,0.24,25819,17.4,93702,63,29150,19.6,1571,1713,-142,3481,3565,-84,329,194,135,77.1,81.6,17.4,20.2
E08000024,Sunderland,E12000001,North East,65.7,16.5,37.4,44,5,179,20.1,63,19.9,4.7,38.5,16.2,220,369,90,315,333,70,21.3,78.7,16.8,277150,0.44,48097,17.4,177510,64,51543,18.6,2908,3107,-199,6765,7395,-630,1694,578,1116,77.3,80.8,17.3,19.2
E08000025,Birmingham,E12000005,West Midlands,61.4,10.6,25.8,208,239,178,55,65.1,28.1,6,42.2,26.9,180,187,50,174,136,38.4,22.2,77.8,26.7,1111307,1.76,254114,22.9,712208,64.1,144985,13,16829,8718,8111,42891,47420,-4529,14783,8372,6411,77.3,82.1,17.8,20.8
E08000026,Coventry,E12000005,West Midlands,64.3,10,27.1,228,198,182,53.5,68.8,26.2,6.3,44.7,20.1,94,251,43,78,263,38.5,17.9,82.1,20.9,345385,0.55,67767,19.6,228377,66.1,49241,14.3,4565,2828,1737,16774,17153,-379,8873,2272,6601,78.6,82.3,18.4,20.8
E08000027,Dudley,E12000005,West Midlands,69.8,16.8,35.7,39,11,58,9.5,61.2,23.3,3.4,36,16.3,255,332,210,359,328,78.3,20.5,79.5,21,316464,0.5,60420,19.1,192922,61,63122,19.9,3683,3295,388,9300,9406,-106,675,315,360,79.3,83.2,18.6,21.2
E08000028,Sandwell,E12000005,West Midlands,66.9,17.9,32,27,63,158,21.8,56.4,20.6,6.6,38.5,13.1,337,364,35,315,365,74.7,15.1,84.9,19.3,319455,0.51,70685,22.1,200051,62.6,48719,15.3,4720,2950,1770,12590,13585,-995,2580,626,1954,77,81.3,17.2,20.2
E08000029,Solihull,E12000005,West Midlands,72.5,5.9,27.4,342,189,188,63.2,70.9,31.5,3.9,45.3,26.7,61,95,152,52,139,26.3,13.4,86.6,33.3,210445,0.33,40152,19.1,126404,60.1,43889,20.9,2254,1959,295,9476,9390,86,587,406,181,80.3,84.5,19.5,22.2
E08000030,Walsall,E12000005,West Midlands,64.4,14.4,35.1,88,15,135,20.9,58.7,23,3.4,36.5,13.8,295,334,210,356,355,81.8,20.4,79.6,17.8,276095,0.44,58019,21,168922,61.2,49154,17.8,3718,2784,934,9926,9581,345,1015,388,627,78,82.5,18.1,21
E08000031,Wolverhampton,E12000005,West Midlands,64.4,14.9,33.7,74,35,43,13.4,61.9,20.3,4.6,39.4,17,237,366,99,294,315,69.2,20.9,79.1,16.7,254406,0.4,51972,20.4,159746,62.8,42688,16.8,3471,2612,859,9539,10245,-706,2659,1393,1266,77.6,81.8,17.8,20.5
E08000032,Bradford,E12000003,Yorkshire and The Humber,65.4,13.9,27.6,99,182,93,32.9,61.8,28.2,4.4,41.9,19.7,239,180,107,185,270,51.8,22.8,77.2,21.7,531176,0.84,125352,23.6,329736,62.1,76088,14.3,8053,4629,3424,14312,17173,-2861,4501,2047,2454,77.6,81.4,17.6,20
E08000033,Calderdale,E12000003,Yorkshire and The Humber,75.9,15.8,24.6,53,270,88,36.1,65.1,29.7,4,41.4,25.6,180,138,137,206,156,43.1,14.4,85.6,28,208402,0.33,40715,19.5,130529,62.6,37158,17.8,2540,1948,592,6732,6847,-115,814,271,543,78.4,82.2,17.9,20.9
E08000034,Kirklees,E12000003,Yorkshire and The Humber,70.3,17,29.1,37,136,72,21.5,57.4,29.9,3.1,42.3,24.7,317,129,235,168,175,54,17.9,82.1,26.8,434321,0.69,87991,20.3,273152,62.9,73178,16.8,5442,3748,1694,13512,13753,-241,2766,913,1853,78.9,82.3,18.1,20.5
E08000035,Leeds,E12000003,Yorkshire and The Humber,74.9,10.3,26.1,216,229,347,69.7,68.5,28.4,5.1,42.3,25.1,99,173,74,168,166,35.9,17.1,82.9,27.3,774060,1.22,145903,18.8,508958,65.8,119199,15.4,10261,6663,3598,38189,37648,541,8331,4822,3509,78.4,82.4,17.9,20.3
E08000036,Wakefield,E12000003,Yorkshire and The Humber,70.1,14.9,29.5,74,124,177,33,57,23.5,5.2,40.3,15,327,329,68,261,342,70,20.5,79.5,18.2,333759,0.53,62015,18.6,209621,62.8,62123,18.6,3947,3456,491,10048,9287,761,1706,590,1116,78.2,82,17.7,20.4
E08000037,Gateshead,E12000001,North East,73.1,17,26,37,235,174,39.2,60.9,26.2,2.9,44.1,22.8,263,251,264,105,217,58,18.9,81.1,19.9,200996,0.32,35154,17.5,127506,63.4,38336,19.1,2318,2199,119,7873,7480,393,738,779,-41,77.8,81.2,17.9,19.7
E09000001,City of London,E12000007,London,65.4,1.3,0,379,379,378,99.9,94.6,77.4,7.1,46.4,84.7,1,1,26,32,1,3.2,3.4,96.6,100,8760,0.01,995,11.4,6405,73.1,1360,15.5,63,33,30,802,809,-7,815,150,665,..,..,..,..
E09000002,Barking and Dagenham,E12000007,London,65.9,8.8,30.4,270,100,20,34.3,62.3,24.4,12.8,42.5,25.3,231,309,2,159,161,45.5,21.4,78.6,15.5,201979,0.32,54912,27.2,127461,63.1,19606,9.7,3697,1341,2356,12923,14099,-1176,3347,838,2509,77.6,82.1,17.5,20.4
E09000003,Barnet,E12000007,London,68.7,5.2,20.1,352,343,259,83.9,71.8,37.5,4.6,43.1,43.4,49,22,99,135,23,17.3,17.3,82.7,36,379691,0.6,80144,21.1,246528,64.9,53019,14,5222,2465,2757,21755,25134,-3379,8220,2813,5407,82.1,85.1,20.3,22.6
E09000004,Bexley,E12000007,London,75.2,8.9,32.4,266,52,212,46.6,63.2,28.2,7,46.2,23.4,217,180,29,34,201,34.9,15,85,23.2,242142,0.38,49770,20.6,152284,62.9,40088,16.6,3093,1998,1095,12355,11942,413,1186,426,760,80.4,84.4,19,21.9
E09000005,Brent,E12000007,London,69.6,5.8,28.5,344,155,314,71.5,67.8,27.6,7.2,44.6,37.7,115,208,25,84,50,25.4,17.7,82.3,26.7,324012,0.51,67718,20.9,219663,67.8,36631,11.3,5157,1785,3372,17595,25334,-7739,11710,4070,7640,80.1,85.1,19.2,22.8
E09000006,Bromley,E12000007,London,75.6,5.2,20.7,352,336,326,89.2,72,36.8,5.3,40.5,38.9,48,32,66,248,40,22.9,13.4,86.6,34.2,324857,0.51,64585,19.9,203476,62.6,56796,17.5,4098,2653,1445,18177,16835,1342,1777,981,796,81.4,84.9,19.7,22.2
E09000007,Camden,E12000007,London,69.3,5,11.1,356,377,368,96.8,77.7,46.3,6.2,49.4,55.1,13,2,46,7,10,4.1,12.6,87.4,42.6,241059,0.38,41796,17.3,171079,71,28184,11.7,2735,1117,1618,20770,23687,-2917,13714,6210,7504,81.8,86.7,20.6,24.6
E09000008,Croydon,E12000007,London,75.5,9.2,26.4,255,223,262,65.1,70,31.3,6.4,39.6,30.4,73,100,41,289,98,31.7,19.8,80.2,27.9,379031,0.6,83566,22,246130,64.9,49335,13,5705,2541,3164,20355,22960,-2605,4541,2103,2438,80.3,83.6,19.2,21.6
E09000009,Ealing,E12000007,London,72.9,7.1,21.6,312,326,272,80,65.6,28.8,8.4,42.4,39.9,160,161,14,165,32,28.1,13.8,86.2,30.2,343059,0.54,73544,21.4,229111,66.8,40404,11.8,5389,1985,3404,20030,26503,-6473,9262,5255,4007,80.6,84.2,19.5,21.7
E09000010,Enfield,E12000007,London,72.9,7.3,25.4,304,250,75,55.3,66.7,35.6,7.1,47.1,33.6,137,46,26,23,72,16,21.5,78.5,25.5,328433,0.52,74791,22.8,211597,64.4,42045,12.8,4895,2126,2769,17473,19550,-2077,4319,1155,3164,80.7,84.1,19.6,21.8
E09000011,Greenwich,E12000007,London,72.4,9.8,21.1,232,334,52,54.4,61.8,32.2,9.7,42,34.5,239,79,8,183,63,30.2,26.9,73.1,27.5,274803,0.43,60063,21.9,186073,67.7,28667,10.4,4547,1558,2989,19254,19661,-407,5029,1663,3366,79,82.5,17.9,20.6
E09000012,Hackney,E12000007,London,69,7.7,17.5,297,363,207,76.3,74.3,41.6,11.3,52.3,42.2,23,8,5,2,26,3.4,17.6,82.4,35.9,269009,0.43,55678,20.7,193999,72.1,19332,7.2,4399,1163,3236,20034,20772,-738,6075,2716,3359,78.5,83.3,18.7,21.6
E09000013,Hammersmith and Fulham,E12000007,London,77.6,4.6,15.2,363,372,337,94.3,80.8,36.2,6.8,47.9,58,6,42,31,17,6,5.4,15.4,84.6,43.2,179410,0.28,31304,17.4,129641,72.3,18465,10.3,2371,909,1462,16505,19866,-3361,6772,3846,2926,79.7,84.1,18.9,22
E09000014,Haringey,E12000007,London,71.5,9.5,20.1,244,343,111,61.4,63.9,36.3,8.1,37.6,43.1,203,37,17,340,24,32.8,18.7,81.3,30.4,272864,0.43,54591,20,192970,70.7,25303,9.3,4112,1227,2885,20746,24979,-4233,9232,2557,6675,80.1,84.9,19.4,22.8
E09000015,Harrow,E12000007,London,74,4.5,26.8,364,206,162,64.4,69.6,34.1,6.6,40.6,39.7,80,56,35,243,34,23.6,14.9,85.1,32.8,247130,0.39,50779,20.5,159401,64.5,36950,15,3509,1576,1933,13331,16975,-3644,4263,1430,2833,82.7,86.1,21.2,23.5
E09000016,Havering,E12000007,London,76.4,7.1,30,312,111,125,48.2,65.2,30.1,6.3,41.6,19.1,177,124,43,194,281,43.2,20.6,79.4,25.2,249085,0.39,48120,19.3,155106,62.3,45859,18.4,3138,2353,785,12350,10640,1710,1080,476,604,80.2,83.9,19,21.7
E09000017,Hillingdon,E12000007,London,73.4,7.7,29.4,297,128,29,39.9,62,25.8,6.6,46.1,30.3,235,269,35,40,100,35.8,12.8,87.2,27.7,297735,0.47,63531,21.3,195274,65.6,38930,13.1,4482,2024,2458,17061,18677,-1616,5648,1509,4139,80.4,83.9,19.1,21.6
E09000018,Hounslow,E12000007,London,74.3,4.5,24.4,364,273,148,69,61.6,31,7.9,44.3,36,247,106,21,97,59,28,8.6,91.4,28.9,268770,0.42,56725,21.1,181629,67.6,30416,11.3,4339,1468,2871,15671,19665,-3994,6283,1858,4425,80,83.9,18.7,21.8
E09000019,Islington,E12000007,London,72.9,5.1,14.6,354,374,359,95.6,82.1,41.3,11.6,50.7,55.1,5,10,4,4,10,1.7,11.5,88.5,40.2,227692,0.36,36259,15.9,171423,75.3,20010,8.8,2908,1089,1819,21123,22603,-1480,9609,3314,6295,79,83.5,18.1,21.5
E09000020,Kensington and Chelsea,E12000007,London,68.3,3.4,8.6,375,378,346,96.7,83,33.7,6.7,44.4,57.5,4,62,33,94,9,10.7,15,85,47.8,157711,0.25,25839,16.4,109245,69.3,22627,14.3,1823,776,1047,11055,12796,-1741,5690,3456,2234,83.3,86.4,21.6,23.8
E09000021,Kingston upon Thames,E12000007,London,74.2,6.4,19,330,350,295,85.8,73.5,31.8,5.2,41.4,42.4,29,90,68,206,25,22.1,14.6,85.4,36.2,173525,0.27,33950,19.6,116591,67.2,22984,13.2,2314,1107,1207,12616,12842,-226,3698,1151,2547,82,84.6,19.9,22.1
E09000022,Lambeth,E12000007,London,78.6,6.2,13.8,333,375,260,85.1,78,45.7,10.6,48,57.6,12,3,6,16,8,2.4,22.3,77.7,39.6,324431,0.51,57085,17.6,241998,74.6,25348,7.8,4549,1419,3130,31838,33410,-1572,9200,4602,4598,78.9,83.3,18.4,21.6
E09000023,Lewisham,E12000007,London,76,6.3,20.6,331,338,57,63.9,66.1,34.9,8.6,49.4,45.8,149,49,12,7,18,12.4,24.8,75.2,30,297325,0.47,61393,20.6,208287,70.1,27645,9.3,4763,1524,3239,22879,24415,-1536,5649,1966,3683,79,83.4,18.4,21.3
E09000024,Merton,E12000007,London,78.8,5.5,19.9,345,346,210,79.2,72.6,39.6,7.8,40.9,48,40,15,23,230,15,17,12.3,87.7,37.8,204565,0.32,42093,20.6,137536,67.2,24936,12.2,3330,1301,2029,15224,17284,-2060,3923,2846,1077,80.4,84.2,18.9,21.6
E09000025,Newham,E12000007,London,66.3,9.2,25.2,255,254,53,49.4,65.2,22.1,12.6,42.8,34.5,177,353,3,146,63,39.2,22,78,18.1,332817,0.53,75692,22.7,233709,70.2,23416,7,5998,1382,4616,19878,27151,-7273,14721,3539,11182,78.5,83,18,20.9
E09000026,Redbridge,E12000007,London,68.4,7.3,31.2,304,79,55,38.5,68,27.7,8.3,39.8,37.5,109,204,15,282,51,34.9,22.3,77.7,28.8,296793,0.47,67546,22.8,193029,65,36218,12.2,4801,1841,2960,17949,20861,-2912,5246,1561,3685,80.9,84.6,19.6,22
E09000027,Richmond upon Thames,E12000007,London,79.6,3.7,15,371,373,350,96.2,70.2,40.2,5.5,48.9,60.7,67,12,61,10,3,8.1,11.3,88.7,43.9,194730,0.31,40358,20.7,125522,64.5,28850,14.8,2621,1230,1391,13291,14483,-1192,2160,1247,913,82.4,86,20.5,23.2
E09000028,Southwark,E12000007,London,74.4,7.1,16.5,312,368,349,90.5,75.7,38.4,7.9,45.1,49.5,19,20,21,63,14,7.2,18,82,36.5,308901,0.49,57332,18.6,227049,73.5,24520,7.9,4641,1337,3304,26806,29244,-2438,10158,4661,5497,78.9,83.9,18.4,21.7
E09000029,Sutton,E12000007,London,78.1,4.9,28.7,358,151,303,71.4,73.1,33.6,4.9,38.3,33,33,64,80,322,75,30.3,18.3,81.7,30.2,200145,0.32,41335,20.7,128651,64.3,30159,15.1,2822,1553,1269,10972,10811,161,1186,618,568,80.9,83.4,19.3,21.1
E09000030,Tower Hamlets,E12000007,London,70.4,4.7,18.6,361,353,343,93,84.4,37.5,9.4,48.6,40.2,3,22,11,11,31,4.1,14.9,85.1,33.2,295236,0.47,59264,20.1,218284,73.9,17688,6,4587,1078,3509,22524,25322,-2798,14457,3925,10532,78.1,82.5,17.5,20.6
E09000031,Waltham Forest,E12000007,London,73.1,6.7,29.1,324,136,224,60.2,66.5,29.7,9.9,42.5,35.5,142,138,7,159,61,26.8,22.5,77.5,28.5,271170,0.43,59089,21.8,184200,67.9,27881,10.3,4670,1545,3125,15272,21059,-5787,8263,2449,5814,79.4,83.8,18.8,21.8
E09000032,Wandsworth,E12000007,London,78.7,5.4,17.1,348,364,117,72.9,74.8,36.7,8.2,43.7,59.4,20,33,16,116,4,10,21.5,78.5,41.9,314544,0.5,56101,17.8,229134,72.8,29309,9.3,5057,1483,3574,31237,33744,-2507,7864,6568,1296,79.5,83.7,18.2,21.4
E09000033,Westminster,E12000007,London,65.9,9.1,17.8,259,361,379,87.9,78.4,32.9,5.9,46.8,58.8,11,71,52,29,5,8.9,13.1,86.9,36.3,242299,0.38,38637,15.9,175277,72.3,28385,11.7,2685,1163,1522,17911,21184,-3273,16009,5246,10763,82.3,86.3,21.3,24.1
S12000005,Clackmannanshire,S92000003,Scotland,72.1,18,33.1,26,40,7,6.4,55,19.8,3.1,29.6,18.5,357,370,235,378,290,86,25.4,74.6,20.3,51360,0.08,9029,17.6,32658,63.6,9673,18.8,533,535,-2,1762,1616,146,98,102,-4,77,80.6,16.9,19.4
S12000006,Dumfries and Galloway,S92000003,Scotland,75.5,11.5,26.5,178,216,41,38.3,61.8,28,1.4,39.5,18.9,239,193,359,292,284,72.1,25.4,74.6,15.3,149670,0.24,23676,15.8,89653,59.9,36341,24.3,1291,1917,-626,3647,3245,402,281,353,-72,77.5,81.9,17.9,20
S12000008,East Ayrshire,S92000003,Scotland,69.5,13,27,137,202,35,32.9,68.3,33,3.9,37.1,19.7,103,70,152,347,270,49.7,31.9,68.1,22.8,122060,0.19,21191,17.4,77358,63.4,23511,19.3,1318,1448,-130,3262,3109,153,90,181,-91,76.1,80.2,17,19.1
S12000010,East Lothian,S92000003,Scotland,75.3,13.3,25.5,123,246,18,34,58.7,29.7,3.1,41.2,27.2,295,138,235,218,133,53.8,22.7,77.3,28.6,103050,0.16,18915,18.4,64200,62.3,19935,19.3,1032,1052,-20,3925,3121,804,412,255,157,78.2,81.5,18.4,20
S12000011,East Renfrewshire,S92000003,Scotland,74.3,13.1,21.8,133,320,6,40.4,57.9,36.3,3.7,36.3,38.7,314,37,175,357,42,48.8,24.3,75.7,39.5,92940,0.15,18381,19.8,56522,60.8,18037,19.4,836,949,-113,3816,3106,710,127,210,-83,79.9,82.9,19,20.8
S12000013,Eilean Siar,S92000003,Scotland,77.9,13.2,21.7,127,322,5,39.9,56.3,29.7,2.4,42.3,25.3,339,138,305,168,161,58.6,37,63,25.2,27070,0.04,4348,16.1,16161,59.7,6561,24.2,210,386,-176,826,833,-7,55,53,2,76.4,80.2,16.3,20.1
S12000014,Falkirk,S92000003,Scotland,74.3,15.1,26.5,68,216,56,29.9,58.1,24.5,3.9,40.9,19.4,306,308,152,230,279,67.3,28.6,71.4,23.6,158460,0.25,28318,17.9,101594,64.1,28548,18,1664,1616,48,4101,3494,607,377,250,127,76.9,80.6,16.7,19.3
S12000015,Fife,S92000003,Scotland,73.2,18.2,28.8,24,145,33,17.8,59.6,25.7,3.9,39.7,21.7,283,273,152,287,235,64.9,24.7,75.3,23.6,368080,0.58,64081,17.4,231637,62.9,72362,19.7,3863,3994,-131,9371,8971,400,1918,1090,828,77,81.1,17.4,19.8
S12000017,Highland,S92000003,Scotland,81,9.4,34.1,247,29,73,30.7,64.7,26.1,2.5,39.9,22.2,188,256,295,278,227,65.6,27.2,72.8,18.3,234110,0.37,39956,17.1,145077,62,49077,21,2282,2514,-232,6804,6018,786,918,589,329,77.2,81.9,17.9,20.4
S12000018,Inverclyde,S92000003,Scotland,67.5,9,30.3,264,103,46,36.3,72.5,28.4,3.5,31.2,20.2,44,173,197,376,260,55.4,30.7,69.3,25.8,79500,0.13,12966,16.3,50643,63.7,15891,20,732,1010,-278,1356,1506,-150,100,86,14,73.7,79.9,15.8,19
S12000019,Midlothian,S92000003,Scotland,75.1,11.6,30.2,173,106,24,26.6,59.1,31.6,4.1,41.8,24.2,291,94,130,187,187,46.9,23.2,76.8,24.2,87390,0.14,16624,19,54771,62.7,15995,18.3,1056,884,172,3474,2467,1007,171,191,-20,77.6,81.3,17.5,19.4
S12000020,Moray,S92000003,Scotland,73.4,12.6,31.1,149,81,44,24.1,52.7,24.3,3.1,41,13.1,371,312,235,226,365,79.6,22.2,77.8,18.8,95510,0.15,16502,17.3,59619,62.4,19389,20.3,896,1006,-110,3348,2816,532,332,454,-122,77.4,81.7,17.6,19.8
S12000021,North Ayrshire,S92000003,Scotland,63.9,14.8,30.9,78,88,16,16,62.1,25.6,3.4,43.2,14.2,234,276,210,132,353,63.6,24.7,75.3,18.3,136130,0.22,23196,17,84121,61.8,28813,21.2,1276,1708,-432,3567,3465,102,158,200,-42,76,80.7,17.4,19.3
S12000023,Orkney Islands,S92000003,Scotland,86.8,10.1,27.4,224,189,3,36.6,55.4,26.5,2.9,40.4,12.5,350,240,264,257,371,78.2,34.8,65.2,14,21670,0.03,3489,16.1,13367,61.7,4814,22.2,199,211,-12,658,561,97,53,50,3,79.7,81.8,19.4,20
S12000024,Perth and Kinross,S92000003,Scotland,78.9,11.7,25.9,169,236,122,46.4,64.1,29.8,2.3,41.5,28.7,201,133,316,202,115,51,18.3,81.7,24,149930,0.24,24619,16.4,92055,61.4,33256,22.2,1391,1620,-229,5564,4764,800,948,485,463,79.5,82.8,18.7,21
S12000026,Scottish Borders,S92000003,Scotland,76.1,17.2,22.8,35,307,42,33.8,58.4,32,1.6,38.1,26.1,302,84,353,328,152,64.3,26.1,73.9,26.8,114030,0.18,18975,16.6,68307,59.9,26748,23.5,1009,1461,-452,3866,3381,485,264,314,-50,78.7,82,18.5,20.3
S12000027,Shetland Islands,S92000003,Scotland,87.4,8.8,36,270,10,4,25,50.7,22.1,2.5,50.4,22.2,375,353,295,5,227,66.2,31,69,16.7,23200,0.04,4254,18.3,14619,63,4327,18.7,241,233,8,612,680,-68,93,61,32,77.4,81.3,17.9,20.1
S12000028,South Ayrshire,S92000003,Scotland,73.4,11.4,24.3,182,274,69,46.2,66,30,2.6,37.3,23.7,151,126,285,346,194,58.2,24.4,75.6,24.8,112400,0.18,17798,15.8,67819,60.3,26783,23.8,1024,1469,-445,3495,3198,297,254,240,14,77.3,81.2,17.3,19.7
S12000029,South Lanarkshire,S92000003,Scotland,76.2,15.8,31.9,53,64,45,14.2,58.1,23.9,4.3,38.7,21.3,306,321,116,309,245,68.4,22.9,77.1,23.7,316230,0.5,55027,17.4,202813,64.1,58390,18.5,3401,3548,-147,8715,7520,1195,454,615,-161,76.4,80.5,16.7,19.1
S12000030,Stirling,S92000003,Scotland,70.4,10.5,21.7,211,322,193,63.9,65.8,32.1,3.1,35,33.6,154,82,235,365,72,47.9,17.1,82.9,30.9,92830,0.15,15510,16.7,60177,64.8,17143,18.5,795,917,-122,4905,4130,775,1033,396,637,78.4,81.9,18,20.4
S12000033,Aberdeen City,S92000003,Scotland,76.5,24.6,25.9,3,236,134,32.8,59.8,32.7,3.4,55.8,30.7,280,72,210,1,94,34.7,16.8,83.2,28.6,230350,0.36,33851,14.7,162073,70.4,34426,14.9,2567,2260,307,9470,11574,-2104,4590,1401,3189,77.1,81.2,17.3,19.8
S12000034,Aberdeenshire,S92000003,Scotland,80.6,17.3,31.1,32,81,60,15.2,55.3,27.3,3.1,51,26.7,351,220,235,3,139,50,15.3,84.7,28.4,261960,0.41,48856,18.7,166393,63.5,46711,17.8,2795,2474,321,8408,7678,730,1080,824,256,78.9,82.1,18.2,20.1
S12000035,Argyll and Bute,S92000003,Scotland,75.5,13.8,25,105,261,23,34.2,59.7,25.8,0.8,38.9,23.3,282,269,372,307,204,75.7,28.2,71.8,20.8,86890,0.14,13292,15.3,52274,60.2,21324,24.5,711,1160,-449,3614,3762,-148,299,384,-85,77.3,81.2,17.6,20.1
S12000036,City of Edinburgh,S92000003,Scotland,72.5,8.2,20.8,284,335,219,73.7,72.4,37.3,4.9,44.5,47.2,45,26,80,88,16,13.5,23,77,36.8,498810,0.79,76108,15.3,347874,69.7,74828,15,5401,4380,1021,21786,21574,212,9650,3601,6049,77.4,81.9,17.7,20.3
S12000038,Renfrewshire,S92000003,Scotland,73.9,13.4,26.5,120,216,79,36.5,63.4,29,3.3,42.3,24.3,215,153,219,168,185,49.6,19.5,80.5,26.4,174560,0.28,29831,17.1,112611,64.5,32118,18.4,1721,2003,-282,4862,4549,313,548,270,278,75.3,80.4,16.5,18.9
S12000039,West Dunbartonshire,S92000003,Scotland,68.8,15.5,27.6,62,182,11,22.4,63.8,26.5,4.1,42.3,14.5,206,240,130,168,349,57.7,35.5,64.5,16.6,89590,0.14,15709,17.5,57987,64.7,15894,17.7,941,1133,-192,2430,2318,112,121,154,-33,74.1,78.7,15.9,18.3
S12000040,West Lothian,S92000003,Scotland,73.2,14.3,30,90,111,83,25,59.5,26.6,5.1,43.9,22.2,285,236,74,112,227,49.3,19.2,80.8,26,178550,0.28,35102,19.7,115579,64.7,27869,15.6,1967,1523,444,5163,4469,694,561,365,196,77.1,80.1,17,18.7
S12000041,Angus,S92000003,Scotland,73.7,14.9,31.1,74,81,26,15.9,59.6,30.2,3.2,38.7,23,283,120,227,309,211,60.7,23.7,76.3,23.2,116900,0.18,19653,16.8,71170,60.9,26077,22.3,1113,1405,-292,4016,3468,548,290,301,-11,78.3,81.1,18.2,20.2
S12000042,Dundee City,S92000003,Scotland,63.4,13.3,25.6,123,244,51,36.8,65.4,26.6,3.5,45.5,24.6,172,236,197,48,177,43.8,29.8,70.2,18.1,148210,0.23,23798,16.1,98554,66.5,25858,17.4,1635,1763,-128,5631,6093,-462,1388,717,671,74.3,79.3,16.2,19.1
S12000044,North Lanarkshire,S92000003,Scotland,71.4,14.5,33.1,85,40,64,16.6,60,24.9,4.8,45.2,16.3,275,294,86,56,328,54.8,28.2,71.8,19.9,338260,0.53,63131,18.7,219345,64.8,55784,16.5,3707,3619,88,6958,6983,-25,623,458,165,74.9,79.1,16,18.3
S12000045,East Dunbartonshire,S92000003,Scotland,74.7,13.4,22.5,120,312,12,39.1,61.7,38.9,3.8,29.3,38,245,17,164,379,48,45,20.7,79.3,39.4,106960,0.17,18544,17.3,65404,61.1,23012,21.5,948,1103,-155,4092,3430,662,105,218,-113,80.1,83.4,19.2,21.5
S12000046,Glasgow City,S92000003,Scotland,66.7,8.7,26.6,273,213,115,52.9,72.8,31.7,3.6,42,31.8,36,92,189,183,85,30.9,22.2,77.8,28.6,606340,0.96,97532,16.1,425305,70.1,83503,13.8,7254,6540,714,22892,24129,-1237,10409,3332,7077,72.6,78.5,14.9,18.3
W06000001,Isle of Anglesey,W92000004,Wales,73.8,14.2,26.8,91,206,31,28.8,57.9,26.7,1.7,40,23.3,314,231,348,271,204,72.2,17.7,82.3,24,69979,0.11,11992,17.1,40729,58.2,17258,24.7,685,813,-128,2267,2380,-113,148,88,60,78.7,83,18.7,21.6
W06000002,Gwynedd,W92000004,Wales,69.3,13.1,23.3,133,299,49,42.3,61.5,31.9,1.6,41.6,22.2,248,88,353,194,227,58.6,26.5,73.5,21.7,122864,0.19,20886,17,74480,60.6,27498,22.4,1128,1379,-251,5451,5310,141,1105,419,686,80,83.5,19.2,21.7
W06000003,Conwy,W92000004,Wales,70.3,9.1,25.7,259,241,48,48.2,63.5,31.2,2.2,34.6,23.5,213,104,325,368,199,63.8,25.4,74.6,23.5,116218,0.18,18904,16.3,66425,57.2,30889,26.6,1097,1595,-498,4650,4203,447,320,355,-35,79.1,82.9,18.8,21.6
W06000004,Denbighshire,W92000004,Wales,70.2,11.4,28.6,182,152,38,32.7,67.4,32.3,2.5,41.1,23.7,119,77,295,222,194,47.9,29.8,70.2,24.3,94691,0.15,17160,18.1,55476,58.6,22055,23.3,1077,1260,-183,4340,4271,69,230,240,-10,77.8,81.3,17.7,19.7
W06000005,Flintshire,W92000004,Wales,73.4,21.2,32.2,9,57,84,13.2,58.1,23,3.4,47.9,19.8,306,334,210,17,269,59.9,13.1,86.9,20.5,154074,0.24,28351,18.4,94728,61.5,30995,20.1,1573,1498,75,4940,4875,65,520,403,117,79,82.5,18.6,20.6
W06000006,Wrexham,W92000004,Wales,75.8,17.6,28.4,30,158,67,22.4,58.1,25.6,3,45.2,21.7,306,276,252,56,235,59.4,23.7,76.3,24.5,136647,0.22,26364,19.3,84544,61.9,25739,18.8,1580,1489,91,3753,4195,-442,764,492,272,78.5,81.8,18.3,20.2
W06000008,Ceredigion,W92000004,Wales,63.8,9,25.2,264,254,28,48,54,25.1,0.3,41.3,25.1,364,291,378,212,166,74.5,23.9,76.1,23.2,74642,0.12,10953,14.7,46348,62.1,17341,23.2,643,826,-183,5068,5952,-884,683,401,282,80.5,84.1,19.8,22.6
W06000009,Pembrokeshire,W92000004,Wales,72.7,11,28,193,169,32,34.7,60.5,31.4,1.1,37,20.4,270,97,366,351,256,70.7,23.1,76.9,20.9,123464,0.2,21420,17.3,71854,58.2,30190,24.5,1199,1446,-247,3717,3675,42,323,271,52,79.7,83.2,19.1,21.4
W06000010,Carmarthenshire,W92000004,Wales,71.1,14,30.4,96,100,10,18.1,60.8,27,2.2,41.6,18.9,265,227,325,194,284,68.3,25.7,74.3,18.8,185123,0.29,32695,17.7,110300,59.6,42128,22.8,1814,2268,-454,6318,5768,550,618,496,122,78.9,82.5,18.3,20.3
W06000011,Swansea,W92000004,Wales,68.6,15.6,29.8,59,118,81,22.7,64.6,30.7,2.2,42.7,24.3,191,113,325,152,185,51,28.5,71.5,23.5,242382,0.38,41664,17.2,153906,63.5,46812,19.3,2558,2600,-42,9851,9844,7,2399,1264,1135,78,82.4,18,20.6
W06000012,Neath Port Talbot,W92000004,Wales,65.5,24.8,31.1,2,81,25,9.5,51,29.1,3.1,43.4,14.4,373,151,235,127,351,65.3,21.2,78.8,21.5,140992,0.22,24636,17.5,87910,62.4,28446,20.2,1507,1673,-166,4405,3844,561,210,140,70,77.2,81.2,17.5,19.9
W06000013,Bridgend,W92000004,Wales,71.9,18.8,32.8,21,46,74,12.4,60.9,26,3.9,44.2,19.9,263,262,152,100,266,55,27.1,72.9,21.9,142092,0.22,25597,18,88636,62.4,27859,19.6,1490,1595,-105,4319,3653,666,322,294,28,77.2,81.7,17.4,19.7
W06000014,Vale of Glamorgan,W92000004,Wales,73.4,15,25.4,69,250,34,31,60,29,4.3,40.1,29.2,275,153,116,267,110,48.6,22.8,77.2,30.6,127592,0.2,23623,18.5,77996,61.1,25973,20.4,1321,1314,7,4801,4893,-92,296,273,23,79.6,83.3,18.5,21.6
W06000015,Cardiff,W92000004,Wales,67.9,12.4,23.4,158,297,216,59,67,30.5,5.6,40.8,33.9,129,117,59,237,70,32.3,22.1,77.9,31.6,357160,0.56,65852,18.4,241720,67.7,49588,13.9,4624,2920,1704,20267,20986,-719,5548,3615,1933,78.2,82.9,17.7,20.9
W06000016,Rhondda Cynon Taf,W92000004,Wales,69.7,16.4,28.8,46,145,22,18.7,57.4,28.2,4.9,37.1,19.9,317,180,80,347,266,62.8,27.2,72.8,20.4,237411,0.38,44122,18.6,148909,62.7,44380,18.7,2701,2566,135,6537,6811,-274,941,271,670,77,80.9,17.1,19.4
W06000018,Caerphilly,W92000004,Wales,67.7,22.9,31.8,5,69,14,7.7,53.1,25.9,4.4,38.6,17.9,368,265,107,313,302,71.5,21.8,78.2,22.3,180164,0.28,34225,19,112558,62.5,33381,18.5,2058,1859,199,4734,4763,-29,188,148,40,78,81.5,17.6,19.7
W06000019,Blaenau Gwent,W92000004,Wales,64.9,15.4,32.4,63,52,8,10.8,55.3,28.1,4,45.9,10.2,351,187,137,44,378,57.9,22.2,77.8,14.1,69544,0.11,12140,17.5,43852,63.1,13552,19.5,760,808,-48,1727,1823,-96,114,79,35,76.2,80.3,16.7,18.9
W06000020,Torfaen,W92000004,Wales,71.2,19.6,34,17,30,15,5.5,58.4,24.6,3.6,40.6,16.1,302,303,189,243,336,72.5,26.2,73.8,18.7,91836,0.15,16836,18.3,56893,62,18107,19.7,978,988,-10,2595,2393,202,101,71,30,78,81.6,17.9,19.9
W06000021,Monmouthshire,W92000004,Wales,78.1,11.5,22.5,178,312,65,48.8,65.1,31.8,3.1,39.1,30.9,180,90,235,303,91,47.4,22.8,77.2,32.8,92476,0.15,15490,16.8,55115,59.6,21871,23.7,780,945,-165,4409,4048,361,209,289,-80,80.7,84.1,19.6,22.1
W06000022,Newport,W92000004,Wales,68.9,17.3,26.9,32,203,102,29.6,64.3,28.7,4.1,39,25.1,199,164,130,306,166,50.9,24.6,75.4,26.6,147769,0.23,29677,20.1,92284,62.5,25808,17.5,1973,1419,554,5436,5447,-11,1061,664,397,78.1,82.4,17.7,20.3
W06000023,Powys,W92000004,Wales,76.7,17.4,27.1,31,198,19,21.8,58,30,0.8,37.6,23.7,312,126,372,340,194,70.9,23.2,76.8,18.5,132642,0.21,21600,16.3,76884,58,34158,25.8,1160,1590,-430,5520,5135,385,368,392,-24,80.6,83.7,19.7,21.8
W06000024,Merthyr Tydfil,W92000004,Wales,65.9,16,37.5,49,4,47,8.8,60.6,24.6,5.3,35.5,16.6,268,303,66,362,322,69.7,31.2,68.8,18.1,59324,0.09,11102,18.7,37477,63.2,10745,18.1,757,617,140,1593,1589,4,231,112,119,77.3,80.5,18,19.1